Ticker,CQ_EPS,NQ_EPS,CY_EPS,NY_EPS,CQ_Rev,NQ_Rev,CY_Rev,NY_Rev,Year,Annual EPS,Annual Revenue,Date,Quarter EPS,Quarter Revenue,Previous Quarter EPS2,Previous Quarter EPS,Corrent Quarter EPS,Next Quarter EPS,Previous Annual EPS2,Previous Annual EPS,Corrent Annual EPS,Next Annual EPS,Previous Quarter Revenue2,Previous Quarter Revenue,Corrent Quarter Revenue,Next Quarter Revenue,Previous Annual Revenue2,Previous Annual Revenue,Corrent Annual Revenue,Next Annual Revenue
AMZN,0.77,0.87,3.83,4.93,132180000000.0,139310000000.0,595230000000.0,663500000000.0,,,,,,,325.0,381.0,148.4,38.1,-108.3,1174.1,32.1,28.7,12.6,13.9,3.8,3.7,9.4,11.8,3.6,11.5
AMZN,,,,,,,,,2023,2.9,,,,,325.0,381.0,148.4,38.1,-108.3,1174.1,32.1,28.7,12.6,13.9,3.8,3.7,9.4,11.8,3.6,11.5
AMZN,,,,,,,,,2022,-0.27,,,,,325.0,381.0,148.4,38.1,-108.3,1174.1,32.1,28.7,12.6,13.9,3.8,3.7,9.4,11.8,3.6,11.5
AMZN,,,,,,,,,2021,3.2405,,,,,325.0,381.0,148.4,38.1,-108.3,1174.1,32.1,28.7,12.6,13.9,3.8,3.7,9.4,11.8,3.6,11.5
AMZN,,,,,,,,,,,,2023/12/31,1.01,,325.0,381.0,148.4,38.1,-108.3,1174.1,32.1,28.7,12.6,13.9,3.8,3.7,9.4,11.8,3.6,11.5
AMZN,,,,,,,,,,,,2023/09/30,0.85,,325.0,381.0,148.4,38.1,-108.3,1174.1,32.1,28.7,12.6,13.9,3.8,3.7,9.4,11.8,3.6,11.5
AMZN,,,,,,,,,,,,2023/06/30,0.63,,325.0,381.0,148.4,38.1,-108.3,1174.1,32.1,28.7,12.6,13.9,3.8,3.7,9.4,11.8,3.6,11.5
AMZN,,,,,,,,,,,,2023/03/31,0.31,,325.0,381.0,148.4,38.1,-108.3,1174.1,32.1,28.7,12.6,13.9,3.8,3.7,9.4,11.8,3.6,11.5
AMZN,,,,,,,,,,,,2022/12/31,0.21,,325.0,381.0,148.4,38.1,-108.3,1174.1,32.1,28.7,12.6,13.9,3.8,3.7,9.4,11.8,3.6,11.5
AMZN,,,,,,,,,,,,2022/09/30,0.2,,325.0,381.0,148.4,38.1,-108.3,1174.1,32.1,28.7,12.6,13.9,3.8,3.7,9.4,11.8,3.6,11.5
AMZN,,,,,,,,,,,,2022/06/30,0.1,,325.0,381.0,148.4,38.1,-108.3,1174.1,32.1,28.7,12.6,13.9,3.8,3.7,9.4,11.8,3.6,11.5
AMZN,,,,,,,,,,,,2022/03/31,0.21,,325.0,381.0,148.4,38.1,-108.3,1174.1,32.1,28.7,12.6,13.9,3.8,3.7,9.4,11.8,3.6,11.5
AMZN,,,,,,,,,,,,2021/12/31,1.39,,325.0,381.0,148.4,38.1,-108.3,1174.1,32.1,28.7,12.6,13.9,3.8,3.7,9.4,11.8,3.6,11.5
AMZN,,,,,,,,,,,,2021/09/30,0.31,,325.0,381.0,148.4,38.1,-108.3,1174.1,32.1,28.7,12.6,13.9,3.8,3.7,9.4,11.8,3.6,11.5
AMZN,,,,,,,,,2023,,574785000000.0,,,,325.0,381.0,148.4,38.1,-108.3,1174.1,32.1,28.7,12.6,13.9,3.8,3.7,9.4,11.8,3.6,11.5
AMZN,,,,,,,,,2022,,513983000000.0,,,,325.0,381.0,148.4,38.1,-108.3,1174.1,32.1,28.7,12.6,13.9,3.8,3.7,9.4,11.8,3.6,11.5
AMZN,,,,,,,,,2021,,469822000000.0,,,,325.0,381.0,148.4,38.1,-108.3,1174.1,32.1,28.7,12.6,13.9,3.8,3.7,9.4,11.8,3.6,11.5
AMZN,,,,,,,,,,,,2023/12/31,,169961000000.0,325.0,381.0,148.4,38.1,-108.3,1174.1,32.1,28.7,12.6,13.9,3.8,3.7,9.4,11.8,3.6,11.5
AMZN,,,,,,,,,,,,2023/09/30,,143083000000.0,325.0,381.0,148.4,38.1,-108.3,1174.1,32.1,28.7,12.6,13.9,3.8,3.7,9.4,11.8,3.6,11.5
AMZN,,,,,,,,,,,,2023/06/30,,134383000000.0,325.0,381.0,148.4,38.1,-108.3,1174.1,32.1,28.7,12.6,13.9,3.8,3.7,9.4,11.8,3.6,11.5
AMZN,,,,,,,,,,,,2023/03/31,,127358000000.0,325.0,381.0,148.4,38.1,-108.3,1174.1,32.1,28.7,12.6,13.9,3.8,3.7,9.4,11.8,3.6,11.5
AMZN,,,,,,,,,,,,2022/12/31,,149204000000.0,325.0,381.0,148.4,38.1,-108.3,1174.1,32.1,28.7,12.6,13.9,3.8,3.7,9.4,11.8,3.6,11.5
AMZN,,,,,,,,,,,,2022/09/30,,127101000000.0,325.0,381.0,148.4,38.1,-108.3,1174.1,32.1,28.7,12.6,13.9,3.8,3.7,9.4,11.8,3.6,11.5
AMZN,,,,,,,,,,,,2022/06/30,,121234000000.0,325.0,381.0,148.4,38.1,-108.3,1174.1,32.1,28.7,12.6,13.9,3.8,3.7,9.4,11.8,3.6,11.5
AMZN,,,,,,,,,,,,2022/03/31,,116444000000.0,325.0,381.0,148.4,38.1,-108.3,1174.1,32.1,28.7,12.6,13.9,3.8,3.7,9.4,11.8,3.6,11.5
AMZN,,,,,,,,,,,,2021/12/31,,137412000000.0,325.0,381.0,148.4,38.1,-108.3,1174.1,32.1,28.7,12.6,13.9,3.8,3.7,9.4,11.8,3.6,11.5
AMZN,,,,,,,,,,,,2021/09/30,,110812000000.0,325.0,381.0,148.4,38.1,-108.3,1174.1,32.1,28.7,12.6,13.9,3.8,3.7,9.4,11.8,3.6,11.5
NVDA,4.3,4.64,11.52,20.51,19140000000.0,20570000000.0,55150000000.0,90440000000.0,,,,,,,681.2,1008.8,561.5,427.3,123.2,-54.8,562.1,78.0,101.5,205.5,216.3,186.0,61.4,0.2,104.5,64.0
NVDA,,,,,,,,,2023,1.74,,,,,681.2,1008.8,561.5,427.3,123.2,-54.8,562.1,78.0,101.5,205.5,216.3,186.0,61.4,0.2,104.5,64.0
NVDA,,,,,,,,,2022,3.85,,,,,681.2,1008.8,561.5,427.3,123.2,-54.8,562.1,78.0,101.5,205.5,216.3,186.0,61.4,0.2,104.5,64.0
NVDA,,,,,,,,,2021,1.725,,,,,681.2,1008.8,561.5,427.3,123.2,-54.8,562.1,78.0,101.5,205.5,216.3,186.0,61.4,0.2,104.5,64.0
NVDA,,,,,,,,,,,,2023/10/31,3.77,,681.2,1008.8,561.5,427.3,123.2,-54.8,562.1,78.0,101.5,205.5,216.3,186.0,61.4,0.2,104.5,64.0
NVDA,,,,,,,,,,,,2023/07/31,2.5,,681.2,1008.8,561.5,427.3,123.2,-54.8,562.1,78.0,101.5,205.5,216.3,186.0,61.4,0.2,104.5,64.0
NVDA,,,,,,,,,,,,2023/04/30,0.88,,681.2,1008.8,561.5,427.3,123.2,-54.8,562.1,78.0,101.5,205.5,216.3,186.0,61.4,0.2,104.5,64.0
NVDA,,,,,,,,,,,,2023/01/31,0.65,,681.2,1008.8,561.5,427.3,123.2,-54.8,562.1,78.0,101.5,205.5,216.3,186.0,61.4,0.2,104.5,64.0
NVDA,,,,,,,,,,,,2022/10/31,0.34,,681.2,1008.8,561.5,427.3,123.2,-54.8,562.1,78.0,101.5,205.5,216.3,186.0,61.4,0.2,104.5,64.0
NVDA,,,,,,,,,,,,2022/07/31,0.32,,681.2,1008.8,561.5,427.3,123.2,-54.8,562.1,78.0,101.5,205.5,216.3,186.0,61.4,0.2,104.5,64.0
NVDA,,,,,,,,,,,,2022/04/30,1.18,,681.2,1008.8,561.5,427.3,123.2,-54.8,562.1,78.0,101.5,205.5,216.3,186.0,61.4,0.2,104.5,64.0
NVDA,,,,,,,,,,,,2022/01/31,1.14,,681.2,1008.8,561.5,427.3,123.2,-54.8,562.1,78.0,101.5,205.5,216.3,186.0,61.4,0.2,104.5,64.0
NVDA,,,,,,,,,,,,2021/10/31,1.01,,681.2,1008.8,561.5,427.3,123.2,-54.8,562.1,78.0,101.5,205.5,216.3,186.0,61.4,0.2,104.5,64.0
NVDA,,,,,,,,,2023,,26974000000.0,,,,681.2,1008.8,561.5,427.3,123.2,-54.8,562.1,78.0,101.5,205.5,216.3,186.0,61.4,0.2,104.5,64.0
NVDA,,,,,,,,,2022,,26914000000.0,,,,681.2,1008.8,561.5,427.3,123.2,-54.8,562.1,78.0,101.5,205.5,216.3,186.0,61.4,0.2,104.5,64.0
NVDA,,,,,,,,,2021,,16675000000.0,,,,681.2,1008.8,561.5,427.3,123.2,-54.8,562.1,78.0,101.5,205.5,216.3,186.0,61.4,0.2,104.5,64.0
NVDA,,,,,,,,,,,,2023/10/31,,18120000000.0,681.2,1008.8,561.5,427.3,123.2,-54.8,562.1,78.0,101.5,205.5,216.3,186.0,61.4,0.2,104.5,64.0
NVDA,,,,,,,,,,,,2023/07/31,,13507000000.0,681.2,1008.8,561.5,427.3,123.2,-54.8,562.1,78.0,101.5,205.5,216.3,186.0,61.4,0.2,104.5,64.0
NVDA,,,,,,,,,,,,2023/04/30,,7192000000.0,681.2,1008.8,561.5,427.3,123.2,-54.8,562.1,78.0,101.5,205.5,216.3,186.0,61.4,0.2,104.5,64.0
NVDA,,,,,,,,,,,,2023/01/31,,6051000000.0,681.2,1008.8,561.5,427.3,123.2,-54.8,562.1,78.0,101.5,205.5,216.3,186.0,61.4,0.2,104.5,64.0
NVDA,,,,,,,,,,,,2022/10/31,,5931000000.0,681.2,1008.8,561.5,427.3,123.2,-54.8,562.1,78.0,101.5,205.5,216.3,186.0,61.4,0.2,104.5,64.0
NVDA,,,,,,,,,,,,2022/07/31,,6704000000.0,681.2,1008.8,561.5,427.3,123.2,-54.8,562.1,78.0,101.5,205.5,216.3,186.0,61.4,0.2,104.5,64.0
NVDA,,,,,,,,,,,,2022/04/30,,8288000000.0,681.2,1008.8,561.5,427.3,123.2,-54.8,562.1,78.0,101.5,205.5,216.3,186.0,61.4,0.2,104.5,64.0
NVDA,,,,,,,,,,,,2022/01/31,,7643000000.0,681.2,1008.8,561.5,427.3,123.2,-54.8,562.1,78.0,101.5,205.5,216.3,186.0,61.4,0.2,104.5,64.0
NVDA,,,,,,,,,,,,2021/10/31,,7103000000.0,681.2,1008.8,561.5,427.3,123.2,-54.8,562.1,78.0,101.5,205.5,216.3,186.0,61.4,0.2,104.5,64.0
META,3.96,4.39,18.49,21.31,33460000000.0,35370000000.0,146920000000.0,165310000000.0,,,,,,,167.7,77.7,50.0,35.9,-37.6,73.1,24.3,15.3,23.2,24.7,16.8,10.5,-1.1,15.7,8.9,12.5
META,,,,,,,,,2023,14.87,,,,,167.7,77.7,50.0,35.9,-37.6,73.1,24.3,15.3,23.2,24.7,16.8,10.5,-1.1,15.7,8.9,12.5
META,,,,,,,,,2022,8.59,,,,,167.7,77.7,50.0,35.9,-37.6,73.1,24.3,15.3,23.2,24.7,16.8,10.5,-1.1,15.7,8.9,12.5
META,,,,,,,,,2021,13.77,,,,,167.7,77.7,50.0,35.9,-37.6,73.1,24.3,15.3,23.2,24.7,16.8,10.5,-1.1,15.7,8.9,12.5
META,,,,,,,,,,,,2023/12/31,5.33,,167.7,77.7,50.0,35.9,-37.6,73.1,24.3,15.3,23.2,24.7,16.8,10.5,-1.1,15.7,8.9,12.5
META,,,,,,,,,,,,2023/09/30,4.39,,167.7,77.7,50.0,35.9,-37.6,73.1,24.3,15.3,23.2,24.7,16.8,10.5,-1.1,15.7,8.9,12.5
META,,,,,,,,,,,,2023/06/30,3.23,,167.7,77.7,50.0,35.9,-37.6,73.1,24.3,15.3,23.2,24.7,16.8,10.5,-1.1,15.7,8.9,12.5
META,,,,,,,,,,,,2023/03/31,2.64,,167.7,77.7,50.0,35.9,-37.6,73.1,24.3,15.3,23.2,24.7,16.8,10.5,-1.1,15.7,8.9,12.5
META,,,,,,,,,,,,2022/12/31,3.0,,167.7,77.7,50.0,35.9,-37.6,73.1,24.3,15.3,23.2,24.7,16.8,10.5,-1.1,15.7,8.9,12.5
META,,,,,,,,,,,,2022/09/30,1.64,,167.7,77.7,50.0,35.9,-37.6,73.1,24.3,15.3,23.2,24.7,16.8,10.5,-1.1,15.7,8.9,12.5
META,,,,,,,,,,,,2022/06/30,2.46,,167.7,77.7,50.0,35.9,-37.6,73.1,24.3,15.3,23.2,24.7,16.8,10.5,-1.1,15.7,8.9,12.5
META,,,,,,,,,,,,2022/03/31,2.72,,167.7,77.7,50.0,35.9,-37.6,73.1,24.3,15.3,23.2,24.7,16.8,10.5,-1.1,15.7,8.9,12.5
META,,,,,,,,,,,,2021/12/31,3.67,,167.7,77.7,50.0,35.9,-37.6,73.1,24.3,15.3,23.2,24.7,16.8,10.5,-1.1,15.7,8.9,12.5
META,,,,,,,,,,,,2021/09/30,3.22,,167.7,77.7,50.0,35.9,-37.6,73.1,24.3,15.3,23.2,24.7,16.8,10.5,-1.1,15.7,8.9,12.5
META,,,,,,,,,2023,,134902000000.0,,,,167.7,77.7,50.0,35.9,-37.6,73.1,24.3,15.3,23.2,24.7,16.8,10.5,-1.1,15.7,8.9,12.5
META,,,,,,,,,2022,,116609000000.0,,,,167.7,77.7,50.0,35.9,-37.6,73.1,24.3,15.3,23.2,24.7,16.8,10.5,-1.1,15.7,8.9,12.5
META,,,,,,,,,2021,,117929000000.0,,,,167.7,77.7,50.0,35.9,-37.6,73.1,24.3,15.3,23.2,24.7,16.8,10.5,-1.1,15.7,8.9,12.5
META,,,,,,,,,,,,2023/12/31,,40112000000.0,167.7,77.7,50.0,35.9,-37.6,73.1,24.3,15.3,23.2,24.7,16.8,10.5,-1.1,15.7,8.9,12.5
META,,,,,,,,,,,,2023/09/30,,34146000000.0,167.7,77.7,50.0,35.9,-37.6,73.1,24.3,15.3,23.2,24.7,16.8,10.5,-1.1,15.7,8.9,12.5
META,,,,,,,,,,,,2023/06/30,,31999000000.0,167.7,77.7,50.0,35.9,-37.6,73.1,24.3,15.3,23.2,24.7,16.8,10.5,-1.1,15.7,8.9,12.5
META,,,,,,,,,,,,2023/03/31,,28645000000.0,167.7,77.7,50.0,35.9,-37.6,73.1,24.3,15.3,23.2,24.7,16.8,10.5,-1.1,15.7,8.9,12.5
META,,,,,,,,,,,,2022/12/31,,32165000000.0,167.7,77.7,50.0,35.9,-37.6,73.1,24.3,15.3,23.2,24.7,16.8,10.5,-1.1,15.7,8.9,12.5
META,,,,,,,,,,,,2022/09/30,,27714000000.0,167.7,77.7,50.0,35.9,-37.6,73.1,24.3,15.3,23.2,24.7,16.8,10.5,-1.1,15.7,8.9,12.5
META,,,,,,,,,,,,2022/06/30,,28822000000.0,167.7,77.7,50.0,35.9,-37.6,73.1,24.3,15.3,23.2,24.7,16.8,10.5,-1.1,15.7,8.9,12.5
META,,,,,,,,,,,,2022/03/31,,27908000000.0,167.7,77.7,50.0,35.9,-37.6,73.1,24.3,15.3,23.2,24.7,16.8,10.5,-1.1,15.7,8.9,12.5
META,,,,,,,,,,,,2021/12/31,,33671000000.0,167.7,77.7,50.0,35.9,-37.6,73.1,24.3,15.3,23.2,24.7,16.8,10.5,-1.1,15.7,8.9,12.5
META,,,,,,,,,,,,2021/09/30,,29010000000.0,167.7,77.7,50.0,35.9,-37.6,73.1,24.3,15.3,23.2,24.7,16.8,10.5,-1.1,15.7,8.9,12.5
LLY,2.25,2.43,11.06,15.98,7970000000.0,8730000000.0,36560000000.0,45280000000.0,,,,,,,-94.9,19.1,38.9,15.2,-9.6,12.3,68.3,44.5,36.8,28.1,14.5,5.0,15.4,0.8,28.1,23.9
LLY,,,,,,,,,2022,6.572215,,,,,-94.9,19.1,38.9,15.2,-9.6,12.3,68.3,44.5,36.8,28.1,14.5,5.0,15.4,0.8,28.1,23.9
LLY,,,,,,,,,2021,5.852967,,,,,-94.9,19.1,38.9,15.2,-9.6,12.3,68.3,44.5,36.8,28.1,14.5,5.0,15.4,0.8,28.1,23.9
LLY,,,,,,,,,2020,6.47477,,,,,-94.9,19.1,38.9,15.2,-9.6,12.3,68.3,44.5,36.8,28.1,14.5,5.0,15.4,0.8,28.1,23.9
LLY,,,,,,,,,,,,2023/12/31,2.49,,-94.9,19.1,38.9,15.2,-9.6,12.3,68.3,44.5,36.8,28.1,14.5,5.0,15.4,0.8,28.1,23.9
LLY,,,,,,,,,,,,2023/09/30,0.1,,-94.9,19.1,38.9,15.2,-9.6,12.3,68.3,44.5,36.8,28.1,14.5,5.0,15.4,0.8,28.1,23.9
LLY,,,,,,,,,,,,2023/06/30,2.11,,-94.9,19.1,38.9,15.2,-9.6,12.3,68.3,44.5,36.8,28.1,14.5,5.0,15.4,0.8,28.1,23.9
LLY,,,,,,,,,,,,2023/03/31,1.62,,-94.9,19.1,38.9,15.2,-9.6,12.3,68.3,44.5,36.8,28.1,14.5,5.0,15.4,0.8,28.1,23.9
LLY,,,,,,,,,,,,2022/12/31,2.09,,-94.9,19.1,38.9,15.2,-9.6,12.3,68.3,44.5,36.8,28.1,14.5,5.0,15.4,0.8,28.1,23.9
LLY,,,,,,,,,,,,2022/09/30,1.98,,-94.9,19.1,38.9,15.2,-9.6,12.3,68.3,44.5,36.8,28.1,14.5,5.0,15.4,0.8,28.1,23.9
LLY,,,,,,,,,,,,2022/06/30,1.25,,-94.9,19.1,38.9,15.2,-9.6,12.3,68.3,44.5,36.8,28.1,14.5,5.0,15.4,0.8,28.1,23.9
LLY,,,,,,,,,,,,2022/03/31,2.62,,-94.9,19.1,38.9,15.2,-9.6,12.3,68.3,44.5,36.8,28.1,14.5,5.0,15.4,0.8,28.1,23.9
LLY,,,,,,,,,,,,2021/12/31,2.49,,-94.9,19.1,38.9,15.2,-9.6,12.3,68.3,44.5,36.8,28.1,14.5,5.0,15.4,0.8,28.1,23.9
LLY,,,,,,,,,,,,2021/09/30,1.94,,-94.9,19.1,38.9,15.2,-9.6,12.3,68.3,44.5,36.8,28.1,14.5,5.0,15.4,0.8,28.1,23.9
LLY,,,,,,,,,2022,,28541400000.0,,,,-94.9,19.1,38.9,15.2,-9.6,12.3,68.3,44.5,36.8,28.1,14.5,5.0,15.4,0.8,28.1,23.9
LLY,,,,,,,,,2021,,28318400000.0,,,,-94.9,19.1,38.9,15.2,-9.6,12.3,68.3,44.5,36.8,28.1,14.5,5.0,15.4,0.8,28.1,23.9
LLY,,,,,,,,,2020,,24539800000.0,,,,-94.9,19.1,38.9,15.2,-9.6,12.3,68.3,44.5,36.8,28.1,14.5,5.0,15.4,0.8,28.1,23.9
LLY,,,,,,,,,,,,2023/12/31,,9353400000.0,-94.9,19.1,38.9,15.2,-9.6,12.3,68.3,44.5,36.8,28.1,14.5,5.0,15.4,0.8,28.1,23.9
LLY,,,,,,,,,,,,2023/09/30,,9498600000.0,-94.9,19.1,38.9,15.2,-9.6,12.3,68.3,44.5,36.8,28.1,14.5,5.0,15.4,0.8,28.1,23.9
LLY,,,,,,,,,,,,2023/06/30,,8312100000.0,-94.9,19.1,38.9,15.2,-9.6,12.3,68.3,44.5,36.8,28.1,14.5,5.0,15.4,0.8,28.1,23.9
LLY,,,,,,,,,,,,2023/03/31,,6960000000.0,-94.9,19.1,38.9,15.2,-9.6,12.3,68.3,44.5,36.8,28.1,14.5,5.0,15.4,0.8,28.1,23.9
LLY,,,,,,,,,,,,2022/12/31,,7301800000.0,-94.9,19.1,38.9,15.2,-9.6,12.3,68.3,44.5,36.8,28.1,14.5,5.0,15.4,0.8,28.1,23.9
LLY,,,,,,,,,,,,2022/09/30,,6941600000.0,-94.9,19.1,38.9,15.2,-9.6,12.3,68.3,44.5,36.8,28.1,14.5,5.0,15.4,0.8,28.1,23.9
LLY,,,,,,,,,,,,2022/06/30,,6488000000.0,-94.9,19.1,38.9,15.2,-9.6,12.3,68.3,44.5,36.8,28.1,14.5,5.0,15.4,0.8,28.1,23.9
LLY,,,,,,,,,,,,2022/03/31,,7810000000.0,-94.9,19.1,38.9,15.2,-9.6,12.3,68.3,44.5,36.8,28.1,14.5,5.0,15.4,0.8,28.1,23.9
LLY,,,,,,,,,,,,2021/12/31,,7999900000.0,-94.9,19.1,38.9,15.2,-9.6,12.3,68.3,44.5,36.8,28.1,14.5,5.0,15.4,0.8,28.1,23.9
LLY,,,,,,,,,,,,2021/09/30,,6772800000.0,-94.9,19.1,38.9,15.2,-9.6,12.3,68.3,44.5,36.8,28.1,14.5,5.0,15.4,0.8,28.1,23.9
AVGO,10.29,11.05,46.47,55.96,11710000000.0,12200000000.0,50010000000.0,55450000000.0,,,,,,,4.4,0.5,4.7,16.2,76.9,,,20.4,4.9,4.1,31.4,39.7,21.0,7.9,39.6,10.9
AVGO,,,,,,,,,2023,,,,,,4.4,0.5,4.7,16.2,76.9,,,20.4,4.9,4.1,31.4,39.7,21.0,7.9,39.6,10.9
AVGO,,,,,,,,,2022,26.463676,,,,,4.4,0.5,4.7,16.2,76.9,,,20.4,4.9,4.1,31.4,39.7,21.0,7.9,39.6,10.9
AVGO,,,,,,,,,2021,14.9625,,,,,4.4,0.5,4.7,16.2,76.9,,,20.4,4.9,4.1,31.4,39.7,21.0,7.9,39.6,10.9
AVGO,,,,,,,,,,,,2023/10/31,9.8,,4.4,0.5,4.7,16.2,76.9,,,20.4,4.9,4.1,31.4,39.7,21.0,7.9,39.6,10.9
AVGO,,,,,,,,,,,,2023/07/31,9.47,,4.4,0.5,4.7,16.2,76.9,,,20.4,4.9,4.1,31.4,39.7,21.0,7.9,39.6,10.9
AVGO,,,,,,,,,,,,2023/04/30,9.51,,4.4,0.5,4.7,16.2,76.9,,,20.4,4.9,4.1,31.4,39.7,21.0,7.9,39.6,10.9
AVGO,,,,,,,,,,,,2023/01/31,9.83,,4.4,0.5,4.7,16.2,76.9,,,20.4,4.9,4.1,31.4,39.7,21.0,7.9,39.6,10.9
AVGO,,,,,,,,,,,,2022/10/31,9.75,,4.4,0.5,4.7,16.2,76.9,,,20.4,4.9,4.1,31.4,39.7,21.0,7.9,39.6,10.9
AVGO,,,,,,,,,,,,2022/07/31,9.07,,4.4,0.5,4.7,16.2,76.9,,,20.4,4.9,4.1,31.4,39.7,21.0,7.9,39.6,10.9
AVGO,,,,,,,,,,,,2022/04/30,8.39,,4.4,0.5,4.7,16.2,76.9,,,20.4,4.9,4.1,31.4,39.7,21.0,7.9,39.6,10.9
AVGO,,,,,,,,,,,,2022/01/31,7.68,,4.4,0.5,4.7,16.2,76.9,,,20.4,4.9,4.1,31.4,39.7,21.0,7.9,39.6,10.9
AVGO,,,,,,,,,,,,2021/10/31,7.01,,4.4,0.5,4.7,16.2,76.9,,,20.4,4.9,4.1,31.4,39.7,21.0,7.9,39.6,10.9
AVGO,,,,,,,,,2023,,35819000000.0,,,,4.4,0.5,4.7,16.2,76.9,,,20.4,4.9,4.1,31.4,39.7,21.0,7.9,39.6,10.9
AVGO,,,,,,,,,2022,,33203000000.0,,,,4.4,0.5,4.7,16.2,76.9,,,20.4,4.9,4.1,31.4,39.7,21.0,7.9,39.6,10.9
AVGO,,,,,,,,,2021,,27450000000.0,,,,4.4,0.5,4.7,16.2,76.9,,,20.4,4.9,4.1,31.4,39.7,21.0,7.9,39.6,10.9
AVGO,,,,,,,,,,,,2023/10/31,,9295000000.0,4.4,0.5,4.7,16.2,76.9,,,20.4,4.9,4.1,31.4,39.7,21.0,7.9,39.6,10.9
AVGO,,,,,,,,,,,,2023/07/31,,8876000000.0,4.4,0.5,4.7,16.2,76.9,,,20.4,4.9,4.1,31.4,39.7,21.0,7.9,39.6,10.9
AVGO,,,,,,,,,,,,2023/04/30,,8733000000.0,4.4,0.5,4.7,16.2,76.9,,,20.4,4.9,4.1,31.4,39.7,21.0,7.9,39.6,10.9
AVGO,,,,,,,,,,,,2023/01/31,,8915000000.0,4.4,0.5,4.7,16.2,76.9,,,20.4,4.9,4.1,31.4,39.7,21.0,7.9,39.6,10.9
AVGO,,,,,,,,,,,,2022/10/31,,8930000000.0,4.4,0.5,4.7,16.2,76.9,,,20.4,4.9,4.1,31.4,39.7,21.0,7.9,39.6,10.9
AVGO,,,,,,,,,,,,2022/07/31,,8464000000.0,4.4,0.5,4.7,16.2,76.9,,,20.4,4.9,4.1,31.4,39.7,21.0,7.9,39.6,10.9
AVGO,,,,,,,,,,,,2022/04/30,,8103000000.0,4.4,0.5,4.7,16.2,76.9,,,20.4,4.9,4.1,31.4,39.7,21.0,7.9,39.6,10.9
AVGO,,,,,,,,,,,,2022/01/31,,7706000000.0,4.4,0.5,4.7,16.2,76.9,,,20.4,4.9,4.1,31.4,39.7,21.0,7.9,39.6,10.9
AVGO,,,,,,,,,,,,2021/10/31,,7407000000.0,4.4,0.5,4.7,16.2,76.9,,,20.4,4.9,4.1,31.4,39.7,21.0,7.9,39.6,10.9
COST,3.62,3.63,15.81,17.2,59160000000.0,57500000000.0,254280000000.0,272040000000.00003,,,,,,,15.7,12.3,9.7,5.8,16.6,7.8,11.7,8.8,9.5,6.2,7.0,7.2,15.8,6.8,4.9,7.0
COST,,,,,,,,,2023,14.16,,,,,15.7,12.3,9.7,5.8,16.6,7.8,11.7,8.8,9.5,6.2,7.0,7.2,15.8,6.8,4.9,7.0
COST,,,,,,,,,2022,13.14,,,,,15.7,12.3,9.7,5.8,16.6,7.8,11.7,8.8,9.5,6.2,7.0,7.2,15.8,6.8,4.9,7.0
COST,,,,,,,,,2021,11.27,,,,,15.7,12.3,9.7,5.8,16.6,7.8,11.7,8.8,9.5,6.2,7.0,7.2,15.8,6.8,4.9,7.0
COST,,,,,,,,,,,,2023/11/30,3.48,,15.7,12.3,9.7,5.8,16.6,7.8,11.7,8.8,9.5,6.2,7.0,7.2,15.8,6.8,4.9,7.0
COST,,,,,,,,,,,,2023/08/31,4.86,,15.7,12.3,9.7,5.8,16.6,7.8,11.7,8.8,9.5,6.2,7.0,7.2,15.8,6.8,4.9,7.0
COST,,,,,,,,,,,,2023/05/31,3.43,,15.7,12.3,9.7,5.8,16.6,7.8,11.7,8.8,9.5,6.2,7.0,7.2,15.8,6.8,4.9,7.0
COST,,,,,,,,,,,,2023/02/28,3.3,,15.7,12.3,9.7,5.8,16.6,7.8,11.7,8.8,9.5,6.2,7.0,7.2,15.8,6.8,4.9,7.0
COST,,,,,,,,,,,,2022/11/30,3.1,,15.7,12.3,9.7,5.8,16.6,7.8,11.7,8.8,9.5,6.2,7.0,7.2,15.8,6.8,4.9,7.0
COST,,,,,,,,,,,,2022/08/31,4.2,,15.7,12.3,9.7,5.8,16.6,7.8,11.7,8.8,9.5,6.2,7.0,7.2,15.8,6.8,4.9,7.0
COST,,,,,,,,,,,,2022/05/31,3.17,,15.7,12.3,9.7,5.8,16.6,7.8,11.7,8.8,9.5,6.2,7.0,7.2,15.8,6.8,4.9,7.0
COST,,,,,,,,,,,,2022/02/28,2.92,,15.7,12.3,9.7,5.8,16.6,7.8,11.7,8.8,9.5,6.2,7.0,7.2,15.8,6.8,4.9,7.0
COST,,,,,,,,,,,,2021/11/30,2.97,,15.7,12.3,9.7,5.8,16.6,7.8,11.7,8.8,9.5,6.2,7.0,7.2,15.8,6.8,4.9,7.0
COST,,,,,,,,,,,,2021/08/31,3.9,,15.7,12.3,9.7,5.8,16.6,7.8,11.7,8.8,9.5,6.2,7.0,7.2,15.8,6.8,4.9,7.0
COST,,,,,,,,,2023,,242290000000.0,,,,15.7,12.3,9.7,5.8,16.6,7.8,11.7,8.8,9.5,6.2,7.0,7.2,15.8,6.8,4.9,7.0
COST,,,,,,,,,2022,,226954000000.0,,,,15.7,12.3,9.7,5.8,16.6,7.8,11.7,8.8,9.5,6.2,7.0,7.2,15.8,6.8,4.9,7.0
COST,,,,,,,,,2021,,195929000000.0,,,,15.7,12.3,9.7,5.8,16.6,7.8,11.7,8.8,9.5,6.2,7.0,7.2,15.8,6.8,4.9,7.0
COST,,,,,,,,,,,,2023/11/30,,57799000000.0,15.7,12.3,9.7,5.8,16.6,7.8,11.7,8.8,9.5,6.2,7.0,7.2,15.8,6.8,4.9,7.0
COST,,,,,,,,,,,,2023/08/31,,78939000000.0,15.7,12.3,9.7,5.8,16.6,7.8,11.7,8.8,9.5,6.2,7.0,7.2,15.8,6.8,4.9,7.0
COST,,,,,,,,,,,,2023/05/31,,53648000000.0,15.7,12.3,9.7,5.8,16.6,7.8,11.7,8.8,9.5,6.2,7.0,7.2,15.8,6.8,4.9,7.0
COST,,,,,,,,,,,,2023/02/28,,55266000000.0,15.7,12.3,9.7,5.8,16.6,7.8,11.7,8.8,9.5,6.2,7.0,7.2,15.8,6.8,4.9,7.0
COST,,,,,,,,,,,,2022/11/30,,54437000000.0,15.7,12.3,9.7,5.8,16.6,7.8,11.7,8.8,9.5,6.2,7.0,7.2,15.8,6.8,4.9,7.0
COST,,,,,,,,,,,,2022/08/31,,72091000000.0,15.7,12.3,9.7,5.8,16.6,7.8,11.7,8.8,9.5,6.2,7.0,7.2,15.8,6.8,4.9,7.0
COST,,,,,,,,,,,,2022/05/31,,52596000000.0,15.7,12.3,9.7,5.8,16.6,7.8,11.7,8.8,9.5,6.2,7.0,7.2,15.8,6.8,4.9,7.0
COST,,,,,,,,,,,,2022/02/28,,51904000000.0,15.7,12.3,9.7,5.8,16.6,7.8,11.7,8.8,9.5,6.2,7.0,7.2,15.8,6.8,4.9,7.0
COST,,,,,,,,,,,,2021/11/30,,50363000000.0,15.7,12.3,9.7,5.8,16.6,7.8,11.7,8.8,9.5,6.2,7.0,7.2,15.8,6.8,4.9,7.0
COST,,,,,,,,,,,,2021/08/31,,62675000000.0,15.7,12.3,9.7,5.8,16.6,7.8,11.7,8.8,9.5,6.2,7.0,7.2,15.8,6.8,4.9,7.0
CRM,2.1,2.04,7.61,8.88,8560000000.000001,8490000000.0,32290000000.0,35830000000.0,,,,,,,213.5,121.9,107.9,77.4,-66.2,-85.8,3523.8,16.7,11.4,11.3,2.1,2.9,24.7,18.3,3.0,11.0
CRM,,,,,,,,,2023,0.21,,,,,213.5,121.9,107.9,77.4,-66.2,-85.8,3523.8,16.7,11.4,11.3,2.1,2.9,24.7,18.3,3.0,11.0
CRM,,,,,,,,,2022,1.48,,,,,213.5,121.9,107.9,77.4,-66.2,-85.8,3523.8,16.7,11.4,11.3,2.1,2.9,24.7,18.3,3.0,11.0
CRM,,,,,,,,,2021,4.38,,,,,213.5,121.9,107.9,77.4,-66.2,-85.8,3523.8,16.7,11.4,11.3,2.1,2.9,24.7,18.3,3.0,11.0
CRM,,,,,,,,,,,,2023/10/31,1.62,,213.5,121.9,107.9,77.4,-66.2,-85.8,3523.8,16.7,11.4,11.3,2.1,2.9,24.7,18.3,3.0,11.0
CRM,,,,,,,,,,,,2023/07/31,1.63,,213.5,121.9,107.9,77.4,-66.2,-85.8,3523.8,16.7,11.4,11.3,2.1,2.9,24.7,18.3,3.0,11.0
CRM,,,,,,,,,,,,2023/04/30,1.15,,213.5,121.9,107.9,77.4,-66.2,-85.8,3523.8,16.7,11.4,11.3,2.1,2.9,24.7,18.3,3.0,11.0
CRM,,,,,,,,,,,,2023/01/31,1.01,,213.5,121.9,107.9,77.4,-66.2,-85.8,3523.8,16.7,11.4,11.3,2.1,2.9,24.7,18.3,3.0,11.0
CRM,,,,,,,,,,,,2022/10/31,0.73,,213.5,121.9,107.9,77.4,-66.2,-85.8,3523.8,16.7,11.4,11.3,2.1,2.9,24.7,18.3,3.0,11.0
CRM,,,,,,,,,,,,2022/07/31,0.52,,213.5,121.9,107.9,77.4,-66.2,-85.8,3523.8,16.7,11.4,11.3,2.1,2.9,24.7,18.3,3.0,11.0
CRM,,,,,,,,,,,,2022/04/30,0.41,,213.5,121.9,107.9,77.4,-66.2,-85.8,3523.8,16.7,11.4,11.3,2.1,2.9,24.7,18.3,3.0,11.0
CRM,,,,,,,,,,,,2022/01/31,0.24,,213.5,121.9,107.9,77.4,-66.2,-85.8,3523.8,16.7,11.4,11.3,2.1,2.9,24.7,18.3,3.0,11.0
CRM,,,,,,,,,,,,2021/10/31,0.78,,213.5,121.9,107.9,77.4,-66.2,-85.8,3523.8,16.7,11.4,11.3,2.1,2.9,24.7,18.3,3.0,11.0
CRM,,,,,,,,,2023,,31352000000.0,,,,213.5,121.9,107.9,77.4,-66.2,-85.8,3523.8,16.7,11.4,11.3,2.1,2.9,24.7,18.3,3.0,11.0
CRM,,,,,,,,,2022,,26492000000.0,,,,213.5,121.9,107.9,77.4,-66.2,-85.8,3523.8,16.7,11.4,11.3,2.1,2.9,24.7,18.3,3.0,11.0
CRM,,,,,,,,,2021,,21252000000.0,,,,213.5,121.9,107.9,77.4,-66.2,-85.8,3523.8,16.7,11.4,11.3,2.1,2.9,24.7,18.3,3.0,11.0
CRM,,,,,,,,,,,,2023/10/31,,8720000000.0,213.5,121.9,107.9,77.4,-66.2,-85.8,3523.8,16.7,11.4,11.3,2.1,2.9,24.7,18.3,3.0,11.0
CRM,,,,,,,,,,,,2023/07/31,,8603000000.0,213.5,121.9,107.9,77.4,-66.2,-85.8,3523.8,16.7,11.4,11.3,2.1,2.9,24.7,18.3,3.0,11.0
CRM,,,,,,,,,,,,2023/04/30,,8247000000.0,213.5,121.9,107.9,77.4,-66.2,-85.8,3523.8,16.7,11.4,11.3,2.1,2.9,24.7,18.3,3.0,11.0
CRM,,,,,,,,,,,,2023/01/31,,8384000000.0,213.5,121.9,107.9,77.4,-66.2,-85.8,3523.8,16.7,11.4,11.3,2.1,2.9,24.7,18.3,3.0,11.0
CRM,,,,,,,,,,,,2022/10/31,,7837000000.0,213.5,121.9,107.9,77.4,-66.2,-85.8,3523.8,16.7,11.4,11.3,2.1,2.9,24.7,18.3,3.0,11.0
CRM,,,,,,,,,,,,2022/07/31,,7720000000.0,213.5,121.9,107.9,77.4,-66.2,-85.8,3523.8,16.7,11.4,11.3,2.1,2.9,24.7,18.3,3.0,11.0
CRM,,,,,,,,,,,,2022/04/30,,7411000000.0,213.5,121.9,107.9,77.4,-66.2,-85.8,3523.8,16.7,11.4,11.3,2.1,2.9,24.7,18.3,3.0,11.0
CRM,,,,,,,,,,,,2022/01/31,,7326000000.0,213.5,121.9,107.9,77.4,-66.2,-85.8,3523.8,16.7,11.4,11.3,2.1,2.9,24.7,18.3,3.0,11.0
CRM,,,,,,,,,,,,2021/10/31,,6863000000.0,213.5,121.9,107.9,77.4,-66.2,-85.8,3523.8,16.7,11.4,11.3,2.1,2.9,24.7,18.3,3.0,11.0
AMD,0.56,0.64,3.35,5.06,5040000000.0,5280000000.0,23940000000.0,30140000000.0,,,,,,,-1.9,9.3,30.2,60.0,-67.3,-36.9,532.1,51.0,4.2,10.2,-5.8,-1.5,43.6,-3.9,5.6,25.9
AMD,,,,,,,,,2023,0.53,,,,,-1.9,9.3,30.2,60.0,-67.3,-36.9,532.1,51.0,4.2,10.2,-5.8,-1.5,43.6,-3.9,5.6,25.9
AMD,,,,,,,,,2022,0.84,,,,,-1.9,9.3,30.2,60.0,-67.3,-36.9,532.1,51.0,4.2,10.2,-5.8,-1.5,43.6,-3.9,5.6,25.9
AMD,,,,,,,,,2021,2.57,,,,,-1.9,9.3,30.2,60.0,-67.3,-36.9,532.1,51.0,4.2,10.2,-5.8,-1.5,43.6,-3.9,5.6,25.9
AMD,,,,,,,,,,,,2023/12/31,0.59,,-1.9,9.3,30.2,60.0,-67.3,-36.9,532.1,51.0,4.2,10.2,-5.8,-1.5,43.6,-3.9,5.6,25.9
AMD,,,,,,,,,,,,2023/09/30,0.53,,-1.9,9.3,30.2,60.0,-67.3,-36.9,532.1,51.0,4.2,10.2,-5.8,-1.5,43.6,-3.9,5.6,25.9
AMD,,,,,,,,,,,,2023/06/30,0.4,,-1.9,9.3,30.2,60.0,-67.3,-36.9,532.1,51.0,4.2,10.2,-5.8,-1.5,43.6,-3.9,5.6,25.9
AMD,,,,,,,,,,,,2023/03/31,0.43,,-1.9,9.3,30.2,60.0,-67.3,-36.9,532.1,51.0,4.2,10.2,-5.8,-1.5,43.6,-3.9,5.6,25.9
AMD,,,,,,,,,,,,2022/12/31,0.54,,-1.9,9.3,30.2,60.0,-67.3,-36.9,532.1,51.0,4.2,10.2,-5.8,-1.5,43.6,-3.9,5.6,25.9
AMD,,,,,,,,,,,,2022/09/30,0.54,,-1.9,9.3,30.2,60.0,-67.3,-36.9,532.1,51.0,4.2,10.2,-5.8,-1.5,43.6,-3.9,5.6,25.9
AMD,,,,,,,,,,,,2022/06/30,0.91,,-1.9,9.3,30.2,60.0,-67.3,-36.9,532.1,51.0,4.2,10.2,-5.8,-1.5,43.6,-3.9,5.6,25.9
AMD,,,,,,,,,,,,2022/03/31,1.02,,-1.9,9.3,30.2,60.0,-67.3,-36.9,532.1,51.0,4.2,10.2,-5.8,-1.5,43.6,-3.9,5.6,25.9
AMD,,,,,,,,,,,,2021/12/31,0.83,,-1.9,9.3,30.2,60.0,-67.3,-36.9,532.1,51.0,4.2,10.2,-5.8,-1.5,43.6,-3.9,5.6,25.9
AMD,,,,,,,,,,,,2021/09/30,0.66,,-1.9,9.3,30.2,60.0,-67.3,-36.9,532.1,51.0,4.2,10.2,-5.8,-1.5,43.6,-3.9,5.6,25.9
AMD,,,,,,,,,2023,,22680000000.0,,,,-1.9,9.3,30.2,60.0,-67.3,-36.9,532.1,51.0,4.2,10.2,-5.8,-1.5,43.6,-3.9,5.6,25.9
AMD,,,,,,,,,2022,,23601000000.0,,,,-1.9,9.3,30.2,60.0,-67.3,-36.9,532.1,51.0,4.2,10.2,-5.8,-1.5,43.6,-3.9,5.6,25.9
AMD,,,,,,,,,2021,,16434000000.0,,,,-1.9,9.3,30.2,60.0,-67.3,-36.9,532.1,51.0,4.2,10.2,-5.8,-1.5,43.6,-3.9,5.6,25.9
AMD,,,,,,,,,,,,2023/12/31,,6168000000.0,-1.9,9.3,30.2,60.0,-67.3,-36.9,532.1,51.0,4.2,10.2,-5.8,-1.5,43.6,-3.9,5.6,25.9
AMD,,,,,,,,,,,,2023/09/30,,5800000000.0,-1.9,9.3,30.2,60.0,-67.3,-36.9,532.1,51.0,4.2,10.2,-5.8,-1.5,43.6,-3.9,5.6,25.9
AMD,,,,,,,,,,,,2023/06/30,,5359000000.0,-1.9,9.3,30.2,60.0,-67.3,-36.9,532.1,51.0,4.2,10.2,-5.8,-1.5,43.6,-3.9,5.6,25.9
AMD,,,,,,,,,,,,2023/03/31,,5353000000.0,-1.9,9.3,30.2,60.0,-67.3,-36.9,532.1,51.0,4.2,10.2,-5.8,-1.5,43.6,-3.9,5.6,25.9
AMD,,,,,,,,,,,,2022/12/31,,5599000000.0,-1.9,9.3,30.2,60.0,-67.3,-36.9,532.1,51.0,4.2,10.2,-5.8,-1.5,43.6,-3.9,5.6,25.9
AMD,,,,,,,,,,,,2022/09/30,,5565000000.0,-1.9,9.3,30.2,60.0,-67.3,-36.9,532.1,51.0,4.2,10.2,-5.8,-1.5,43.6,-3.9,5.6,25.9
AMD,,,,,,,,,,,,2022/06/30,,6550000000.0,-1.9,9.3,30.2,60.0,-67.3,-36.9,532.1,51.0,4.2,10.2,-5.8,-1.5,43.6,-3.9,5.6,25.9
AMD,,,,,,,,,,,,2022/03/31,,5887000000.0,-1.9,9.3,30.2,60.0,-67.3,-36.9,532.1,51.0,4.2,10.2,-5.8,-1.5,43.6,-3.9,5.6,25.9
AMD,,,,,,,,,,,,2021/12/31,,4826000000.0,-1.9,9.3,30.2,60.0,-67.3,-36.9,532.1,51.0,4.2,10.2,-5.8,-1.5,43.6,-3.9,5.6,25.9
AMD,,,,,,,,,,,,2021/09/30,,4313000000.0,-1.9,9.3,30.2,60.0,-67.3,-36.9,532.1,51.0,4.2,10.2,-5.8,-1.5,43.6,-3.9,5.6,25.9
NFLX,4.17,4.18,15.89,19.58,8590000000.0,8820000000.0,35800000000.0,40140000000.0,,,,,,,20.3,1658.3,44.8,27.1,-11.5,20.9,32.1,23.2,7.8,12.5,5.3,7.7,6.5,6.7,6.2,12.1
NFLX,,,,,,,,,2023,12.03,,,,,20.3,1658.3,44.8,27.1,-11.5,20.9,32.1,23.2,7.8,12.5,5.3,7.7,6.5,6.7,6.2,12.1
NFLX,,,,,,,,,2022,9.95,,,,,20.3,1658.3,44.8,27.1,-11.5,20.9,32.1,23.2,7.8,12.5,5.3,7.7,6.5,6.7,6.2,12.1
NFLX,,,,,,,,,2021,11.24,,,,,20.3,1658.3,44.8,27.1,-11.5,20.9,32.1,23.2,7.8,12.5,5.3,7.7,6.5,6.7,6.2,12.1
NFLX,,,,,,,,,,,,2023/12/31,2.11,,20.3,1658.3,44.8,27.1,-11.5,20.9,32.1,23.2,7.8,12.5,5.3,7.7,6.5,6.7,6.2,12.1
NFLX,,,,,,,,,,,,2023/09/30,3.73,,20.3,1658.3,44.8,27.1,-11.5,20.9,32.1,23.2,7.8,12.5,5.3,7.7,6.5,6.7,6.2,12.1
NFLX,,,,,,,,,,,,2023/06/30,3.29,,20.3,1658.3,44.8,27.1,-11.5,20.9,32.1,23.2,7.8,12.5,5.3,7.7,6.5,6.7,6.2,12.1
NFLX,,,,,,,,,,,,2023/03/31,2.88,,20.3,1658.3,44.8,27.1,-11.5,20.9,32.1,23.2,7.8,12.5,5.3,7.7,6.5,6.7,6.2,12.1
NFLX,,,,,,,,,,,,2022/12/31,0.12,,20.3,1658.3,44.8,27.1,-11.5,20.9,32.1,23.2,7.8,12.5,5.3,7.7,6.5,6.7,6.2,12.1
NFLX,,,,,,,,,,,,2022/09/30,3.1,,20.3,1658.3,44.8,27.1,-11.5,20.9,32.1,23.2,7.8,12.5,5.3,7.7,6.5,6.7,6.2,12.1
NFLX,,,,,,,,,,,,2022/06/30,3.2,,20.3,1658.3,44.8,27.1,-11.5,20.9,32.1,23.2,7.8,12.5,5.3,7.7,6.5,6.7,6.2,12.1
NFLX,,,,,,,,,,,,2022/03/31,3.53,,20.3,1658.3,44.8,27.1,-11.5,20.9,32.1,23.2,7.8,12.5,5.3,7.7,6.5,6.7,6.2,12.1
NFLX,,,,,,,,,,,,2021/12/31,1.33,,20.3,1658.3,44.8,27.1,-11.5,20.9,32.1,23.2,7.8,12.5,5.3,7.7,6.5,6.7,6.2,12.1
NFLX,,,,,,,,,,,,2021/09/30,3.19,,20.3,1658.3,44.8,27.1,-11.5,20.9,32.1,23.2,7.8,12.5,5.3,7.7,6.5,6.7,6.2,12.1
NFLX,,,,,,,,,2023,,33723297000.0,,,,20.3,1658.3,44.8,27.1,-11.5,20.9,32.1,23.2,7.8,12.5,5.3,7.7,6.5,6.7,6.2,12.1
NFLX,,,,,,,,,2022,,31615550000.0,,,,20.3,1658.3,44.8,27.1,-11.5,20.9,32.1,23.2,7.8,12.5,5.3,7.7,6.5,6.7,6.2,12.1
NFLX,,,,,,,,,2021,,29697844000.0,,,,20.3,1658.3,44.8,27.1,-11.5,20.9,32.1,23.2,7.8,12.5,5.3,7.7,6.5,6.7,6.2,12.1
NFLX,,,,,,,,,,,,2023/12/31,,8832800000.0,20.3,1658.3,44.8,27.1,-11.5,20.9,32.1,23.2,7.8,12.5,5.3,7.7,6.5,6.7,6.2,12.1
NFLX,,,,,,,,,,,,2023/09/30,,8541700000.000001,20.3,1658.3,44.8,27.1,-11.5,20.9,32.1,23.2,7.8,12.5,5.3,7.7,6.5,6.7,6.2,12.1
NFLX,,,,,,,,,,,,2023/06/30,,8187300000.0,20.3,1658.3,44.8,27.1,-11.5,20.9,32.1,23.2,7.8,12.5,5.3,7.7,6.5,6.7,6.2,12.1
NFLX,,,,,,,,,,,,2023/03/31,,8161500000.0,20.3,1658.3,44.8,27.1,-11.5,20.9,32.1,23.2,7.8,12.5,5.3,7.7,6.5,6.7,6.2,12.1
NFLX,,,,,,,,,,,,2022/12/31,,7852100000.0,20.3,1658.3,44.8,27.1,-11.5,20.9,32.1,23.2,7.8,12.5,5.3,7.7,6.5,6.7,6.2,12.1
NFLX,,,,,,,,,,,,2022/09/30,,7925600000.0,20.3,1658.3,44.8,27.1,-11.5,20.9,32.1,23.2,7.8,12.5,5.3,7.7,6.5,6.7,6.2,12.1
NFLX,,,,,,,,,,,,2022/06/30,,7970100000.0,20.3,1658.3,44.8,27.1,-11.5,20.9,32.1,23.2,7.8,12.5,5.3,7.7,6.5,6.7,6.2,12.1
NFLX,,,,,,,,,,,,2022/03/31,,7867800000.0,20.3,1658.3,44.8,27.1,-11.5,20.9,32.1,23.2,7.8,12.5,5.3,7.7,6.5,6.7,6.2,12.1
NFLX,,,,,,,,,,,,2021/12/31,,7709300000.0,20.3,1658.3,44.8,27.1,-11.5,20.9,32.1,23.2,7.8,12.5,5.3,7.7,6.5,6.7,6.2,12.1
NFLX,,,,,,,,,,,,2021/09/30,,7483500000.0,20.3,1658.3,44.8,27.1,-11.5,20.9,32.1,23.2,7.8,12.5,5.3,7.7,6.5,6.7,6.2,12.1
INTU,2.3,9.69,16.38,18.79,3390000000.0,6600000000.0,16050000000.0,18060000000.0,,,,,,,81.8,100.0,119.0,24.2,-3.7,15.7,94.5,14.7,12.3,14.7,11.5,9.7,32.1,12.9,11.7,12.5
INTU,,,,,,,,,2023,8.42,,,,,81.8,100.0,119.0,24.2,-3.7,15.7,94.5,14.7,12.3,14.7,11.5,9.7,32.1,12.9,11.7,12.5
INTU,,,,,,,,,2022,7.28,,,,,81.8,100.0,119.0,24.2,-3.7,15.7,94.5,14.7,12.3,14.7,11.5,9.7,32.1,12.9,11.7,12.5
INTU,,,,,,,,,2021,7.56,,,,,81.8,100.0,119.0,24.2,-3.7,15.7,94.5,14.7,12.3,14.7,11.5,9.7,32.1,12.9,11.7,12.5
INTU,,,,,,,,,,,,2023/10/31,1.14,,81.8,100.0,119.0,24.2,-3.7,15.7,94.5,14.7,12.3,14.7,11.5,9.7,32.1,12.9,11.7,12.5
INTU,,,,,,,,,,,,2023/07/31,0.4,,81.8,100.0,119.0,24.2,-3.7,15.7,94.5,14.7,12.3,14.7,11.5,9.7,32.1,12.9,11.7,12.5
INTU,,,,,,,,,,,,2023/04/30,7.8,,81.8,100.0,119.0,24.2,-3.7,15.7,94.5,14.7,12.3,14.7,11.5,9.7,32.1,12.9,11.7,12.5
INTU,,,,,,,,,,,,2023/01/31,1.05,,81.8,100.0,119.0,24.2,-3.7,15.7,94.5,14.7,12.3,14.7,11.5,9.7,32.1,12.9,11.7,12.5
INTU,,,,,,,,,,,,2022/10/31,0.57,,81.8,100.0,119.0,24.2,-3.7,15.7,94.5,14.7,12.3,14.7,11.5,9.7,32.1,12.9,11.7,12.5
INTU,,,,,,,,,,,,2022/07/31,0.22,,81.8,100.0,119.0,24.2,-3.7,15.7,94.5,14.7,12.3,14.7,11.5,9.7,32.1,12.9,11.7,12.5
INTU,,,,,,,,,,,,2022/04/30,6.7,,81.8,100.0,119.0,24.2,-3.7,15.7,94.5,14.7,12.3,14.7,11.5,9.7,32.1,12.9,11.7,12.5
INTU,,,,,,,,,,,,2022/01/31,0.67,,81.8,100.0,119.0,24.2,-3.7,15.7,94.5,14.7,12.3,14.7,11.5,9.7,32.1,12.9,11.7,12.5
INTU,,,,,,,,,,,,2021/10/31,0.91,,81.8,100.0,119.0,24.2,-3.7,15.7,94.5,14.7,12.3,14.7,11.5,9.7,32.1,12.9,11.7,12.5
INTU,,,,,,,,,2023,,14368000000.0,,,,81.8,100.0,119.0,24.2,-3.7,15.7,94.5,14.7,12.3,14.7,11.5,9.7,32.1,12.9,11.7,12.5
INTU,,,,,,,,,2022,,12726000000.0,,,,81.8,100.0,119.0,24.2,-3.7,15.7,94.5,14.7,12.3,14.7,11.5,9.7,32.1,12.9,11.7,12.5
INTU,,,,,,,,,2021,,9633000000.0,,,,81.8,100.0,119.0,24.2,-3.7,15.7,94.5,14.7,12.3,14.7,11.5,9.7,32.1,12.9,11.7,12.5
INTU,,,,,,,,,,,,2023/10/31,,2978000000.0,81.8,100.0,119.0,24.2,-3.7,15.7,94.5,14.7,12.3,14.7,11.5,9.7,32.1,12.9,11.7,12.5
INTU,,,,,,,,,,,,2023/07/31,,2712000000.0,81.8,100.0,119.0,24.2,-3.7,15.7,94.5,14.7,12.3,14.7,11.5,9.7,32.1,12.9,11.7,12.5
INTU,,,,,,,,,,,,2023/04/30,,6018000000.0,81.8,100.0,119.0,24.2,-3.7,15.7,94.5,14.7,12.3,14.7,11.5,9.7,32.1,12.9,11.7,12.5
INTU,,,,,,,,,,,,2023/01/31,,3041000000.0,81.8,100.0,119.0,24.2,-3.7,15.7,94.5,14.7,12.3,14.7,11.5,9.7,32.1,12.9,11.7,12.5
INTU,,,,,,,,,,,,2022/10/31,,2597000000.0,81.8,100.0,119.0,24.2,-3.7,15.7,94.5,14.7,12.3,14.7,11.5,9.7,32.1,12.9,11.7,12.5
INTU,,,,,,,,,,,,2022/07/31,,2414000000.0,81.8,100.0,119.0,24.2,-3.7,15.7,94.5,14.7,12.3,14.7,11.5,9.7,32.1,12.9,11.7,12.5
INTU,,,,,,,,,,,,2022/04/30,,5632000000.0,81.8,100.0,119.0,24.2,-3.7,15.7,94.5,14.7,12.3,14.7,11.5,9.7,32.1,12.9,11.7,12.5
INTU,,,,,,,,,,,,2022/01/31,,2673000000.0,81.8,100.0,119.0,24.2,-3.7,15.7,94.5,14.7,12.3,14.7,11.5,9.7,32.1,12.9,11.7,12.5
INTU,,,,,,,,,,,,2021/10/31,,2007000000.0,81.8,100.0,119.0,24.2,-3.7,15.7,94.5,14.7,12.3,14.7,11.5,9.7,32.1,12.9,11.7,12.5
QCOM,2.14,1.99,9.04,9.95,8630000000.0,8369999999.999999,35350000000.0,38340000000.0,,,,,,,-42.0,20.7,26.6,42.1,44.5,-43.5,40.8,10.1,-24.3,5.0,-7.0,-1.0,31.7,-19.0,-1.3,8.5
QCOM,,,,,,,,,2023,6.42,,,,,-42.0,20.7,26.6,42.1,44.5,-43.5,40.8,10.1,-24.3,5.0,-7.0,-1.0,31.7,-19.0,-1.3,8.5
QCOM,,,,,,,,,2022,11.37,,,,,-42.0,20.7,26.6,42.1,44.5,-43.5,40.8,10.1,-24.3,5.0,-7.0,-1.0,31.7,-19.0,-1.3,8.5
QCOM,,,,,,,,,2021,7.87,,,,,-42.0,20.7,26.6,42.1,44.5,-43.5,40.8,10.1,-24.3,5.0,-7.0,-1.0,31.7,-19.0,-1.3,8.5
QCOM,,,,,,,,,,,,2023/12/31,2.33,,-42.0,20.7,26.6,42.1,44.5,-43.5,40.8,10.1,-24.3,5.0,-7.0,-1.0,31.7,-19.0,-1.3,8.5
QCOM,,,,,,,,,,,,2023/09/30,1.59,,-42.0,20.7,26.6,42.1,44.5,-43.5,40.8,10.1,-24.3,5.0,-7.0,-1.0,31.7,-19.0,-1.3,8.5
QCOM,,,,,,,,,,,,2023/06/30,1.4,,-42.0,20.7,26.6,42.1,44.5,-43.5,40.8,10.1,-24.3,5.0,-7.0,-1.0,31.7,-19.0,-1.3,8.5
QCOM,,,,,,,,,,,,2023/03/31,1.69,,-42.0,20.7,26.6,42.1,44.5,-43.5,40.8,10.1,-24.3,5.0,-7.0,-1.0,31.7,-19.0,-1.3,8.5
QCOM,,,,,,,,,,,,2022/12/31,1.93,,-42.0,20.7,26.6,42.1,44.5,-43.5,40.8,10.1,-24.3,5.0,-7.0,-1.0,31.7,-19.0,-1.3,8.5
QCOM,,,,,,,,,,,,2022/09/30,2.74,,-42.0,20.7,26.6,42.1,44.5,-43.5,40.8,10.1,-24.3,5.0,-7.0,-1.0,31.7,-19.0,-1.3,8.5
QCOM,,,,,,,,,,,,2022/06/30,2.59,,-42.0,20.7,26.6,42.1,44.5,-43.5,40.8,10.1,-24.3,5.0,-7.0,-1.0,31.7,-19.0,-1.3,8.5
QCOM,,,,,,,,,,,,2022/03/31,2.86,,-42.0,20.7,26.6,42.1,44.5,-43.5,40.8,10.1,-24.3,5.0,-7.0,-1.0,31.7,-19.0,-1.3,8.5
QCOM,,,,,,,,,,,,2021/12/31,2.96,,-42.0,20.7,26.6,42.1,44.5,-43.5,40.8,10.1,-24.3,5.0,-7.0,-1.0,31.7,-19.0,-1.3,8.5
QCOM,,,,,,,,,,,,2021/09/30,2.24,,-42.0,20.7,26.6,42.1,44.5,-43.5,40.8,10.1,-24.3,5.0,-7.0,-1.0,31.7,-19.0,-1.3,8.5
QCOM,,,,,,,,,2023,,35820000000.0,,,,-42.0,20.7,26.6,42.1,44.5,-43.5,40.8,10.1,-24.3,5.0,-7.0,-1.0,31.7,-19.0,-1.3,8.5
QCOM,,,,,,,,,2022,,44200000000.0,,,,-42.0,20.7,26.6,42.1,44.5,-43.5,40.8,10.1,-24.3,5.0,-7.0,-1.0,31.7,-19.0,-1.3,8.5
QCOM,,,,,,,,,2021,,33566000000.0,,,,-42.0,20.7,26.6,42.1,44.5,-43.5,40.8,10.1,-24.3,5.0,-7.0,-1.0,31.7,-19.0,-1.3,8.5
QCOM,,,,,,,,,,,,2023/12/31,,9935000000.0,-42.0,20.7,26.6,42.1,44.5,-43.5,40.8,10.1,-24.3,5.0,-7.0,-1.0,31.7,-19.0,-1.3,8.5
QCOM,,,,,,,,,,,,2023/09/30,,8631000000.0,-42.0,20.7,26.6,42.1,44.5,-43.5,40.8,10.1,-24.3,5.0,-7.0,-1.0,31.7,-19.0,-1.3,8.5
QCOM,,,,,,,,,,,,2023/06/30,,8451000000.0,-42.0,20.7,26.6,42.1,44.5,-43.5,40.8,10.1,-24.3,5.0,-7.0,-1.0,31.7,-19.0,-1.3,8.5
QCOM,,,,,,,,,,,,2023/03/31,,9275000000.0,-42.0,20.7,26.6,42.1,44.5,-43.5,40.8,10.1,-24.3,5.0,-7.0,-1.0,31.7,-19.0,-1.3,8.5
QCOM,,,,,,,,,,,,2022/12/31,,9463000000.0,-42.0,20.7,26.6,42.1,44.5,-43.5,40.8,10.1,-24.3,5.0,-7.0,-1.0,31.7,-19.0,-1.3,8.5
QCOM,,,,,,,,,,,,2022/09/30,,11395000000.0,-42.0,20.7,26.6,42.1,44.5,-43.5,40.8,10.1,-24.3,5.0,-7.0,-1.0,31.7,-19.0,-1.3,8.5
QCOM,,,,,,,,,,,,2022/06/30,,10936000000.0,-42.0,20.7,26.6,42.1,44.5,-43.5,40.8,10.1,-24.3,5.0,-7.0,-1.0,31.7,-19.0,-1.3,8.5
QCOM,,,,,,,,,,,,2022/03/31,,11164000000.0,-42.0,20.7,26.6,42.1,44.5,-43.5,40.8,10.1,-24.3,5.0,-7.0,-1.0,31.7,-19.0,-1.3,8.5
QCOM,,,,,,,,,,,,2021/12/31,,10705000000.0,-42.0,20.7,26.6,42.1,44.5,-43.5,40.8,10.1,-24.3,5.0,-7.0,-1.0,31.7,-19.0,-1.3,8.5
QCOM,,,,,,,,,,,,2021/09/30,,9336000000.0,-42.0,20.7,26.6,42.1,44.5,-43.5,40.8,10.1,-24.3,5.0,-7.0,-1.0,31.7,-19.0,-1.3,8.5
IBM,1.47,2.15,9.37,9.89,13520000000.0,14750000000.0,59180000000.0,61860000000.0,,,,,,,21.5,7.5,8.1,-1.4,-71.7,352.2,15.1,5.5,4.6,4.1,-5.1,-4.7,5.5,,,4.5
IBM,,,,,,,,,2023,8.14,,,,,21.5,7.5,8.1,-1.4,-71.7,352.2,15.1,5.5,4.6,4.1,-5.1,-4.7,5.5,,,4.5
IBM,,,,,,,,,2022,1.8,,,,,21.5,7.5,8.1,-1.4,-71.7,352.2,15.1,5.5,4.6,4.1,-5.1,-4.7,5.5,,,4.5
IBM,,,,,,,,,2021,6.35,,,,,21.5,7.5,8.1,-1.4,-71.7,352.2,15.1,5.5,4.6,4.1,-5.1,-4.7,5.5,,,4.5
IBM,,,,,,,,,,,,2023/12/31,3.87,,21.5,7.5,8.1,-1.4,-71.7,352.2,15.1,5.5,4.6,4.1,-5.1,-4.7,5.5,,,4.5
IBM,,,,,,,,,,,,2023/09/30,2.2,,21.5,7.5,8.1,-1.4,-71.7,352.2,15.1,5.5,4.6,4.1,-5.1,-4.7,5.5,,,4.5
IBM,,,,,,,,,,,,2023/06/30,2.18,,21.5,7.5,8.1,-1.4,-71.7,352.2,15.1,5.5,4.6,4.1,-5.1,-4.7,5.5,,,4.5
IBM,,,,,,,,,,,,2023/03/31,1.36,,21.5,7.5,8.1,-1.4,-71.7,352.2,15.1,5.5,4.6,4.1,-5.1,-4.7,5.5,,,4.5
IBM,,,,,,,,,,,,2022/12/31,3.6,,21.5,7.5,8.1,-1.4,-71.7,352.2,15.1,5.5,4.6,4.1,-5.1,-4.7,5.5,,,4.5
IBM,,,,,,,,,,,,2022/09/30,1.81,,21.5,7.5,8.1,-1.4,-71.7,352.2,15.1,5.5,4.6,4.1,-5.1,-4.7,5.5,,,4.5
IBM,,,,,,,,,,,,2022/06/30,2.31,,21.5,7.5,8.1,-1.4,-71.7,352.2,15.1,5.5,4.6,4.1,-5.1,-4.7,5.5,,,4.5
IBM,,,,,,,,,,,,2022/03/31,1.4,,21.5,7.5,8.1,-1.4,-71.7,352.2,15.1,5.5,4.6,4.1,-5.1,-4.7,5.5,,,4.5
IBM,,,,,,,,,,,,2021/12/31,3.35,,21.5,7.5,8.1,-1.4,-71.7,352.2,15.1,5.5,4.6,4.1,-5.1,-4.7,5.5,,,4.5
IBM,,,,,,,,,,,,2021/09/30,2.52,,21.5,7.5,8.1,-1.4,-71.7,352.2,15.1,5.5,4.6,4.1,-5.1,-4.7,5.5,,,4.5
IBM,,,,,,,,,2023,,,,,,21.5,7.5,8.1,-1.4,-71.7,352.2,15.1,5.5,4.6,4.1,-5.1,-4.7,5.5,,,4.5
IBM,,,,,,,,,2022,,60530000000.0,,,,21.5,7.5,8.1,-1.4,-71.7,352.2,15.1,5.5,4.6,4.1,-5.1,-4.7,5.5,,,4.5
IBM,,,,,,,,,2021,,57351000000.0,,,,21.5,7.5,8.1,-1.4,-71.7,352.2,15.1,5.5,4.6,4.1,-5.1,-4.7,5.5,,,4.5
IBM,,,,,,,,,,,,2023/12/31,,17381000000.0,21.5,7.5,8.1,-1.4,-71.7,352.2,15.1,5.5,4.6,4.1,-5.1,-4.7,5.5,,,4.5
IBM,,,,,,,,,,,,2023/09/30,,14752000000.0,21.5,7.5,8.1,-1.4,-71.7,352.2,15.1,5.5,4.6,4.1,-5.1,-4.7,5.5,,,4.5
IBM,,,,,,,,,,,,2023/06/30,,15475000000.0,21.5,7.5,8.1,-1.4,-71.7,352.2,15.1,5.5,4.6,4.1,-5.1,-4.7,5.5,,,4.5
IBM,,,,,,,,,,,,2023/03/31,,14252000000.0,21.5,7.5,8.1,-1.4,-71.7,352.2,15.1,5.5,4.6,4.1,-5.1,-4.7,5.5,,,4.5
IBM,,,,,,,,,,,,2022/12/31,,16691000000.0,21.5,7.5,8.1,-1.4,-71.7,352.2,15.1,5.5,4.6,4.1,-5.1,-4.7,5.5,,,4.5
IBM,,,,,,,,,,,,2022/09/30,,14107000000.0,21.5,7.5,8.1,-1.4,-71.7,352.2,15.1,5.5,4.6,4.1,-5.1,-4.7,5.5,,,4.5
IBM,,,,,,,,,,,,2022/06/30,,15535000000.0,21.5,7.5,8.1,-1.4,-71.7,352.2,15.1,5.5,4.6,4.1,-5.1,-4.7,5.5,,,4.5
IBM,,,,,,,,,,,,2022/03/31,,14197000000.0,21.5,7.5,8.1,-1.4,-71.7,352.2,15.1,5.5,4.6,4.1,-5.1,-4.7,5.5,,,4.5
IBM,,,,,,,,,,,,2021/12/31,,16694000000.0,21.5,7.5,8.1,-1.4,-71.7,352.2,15.1,5.5,4.6,4.1,-5.1,-4.7,5.5,,,4.5
IBM,,,,,,,,,,,,2021/09/30,,13251000000.0,21.5,7.5,8.1,-1.4,-71.7,352.2,15.1,5.5,4.6,4.1,-5.1,-4.7,5.5,,,4.5
GE,0.64,1.03,4.6,6.0,15310000000.0,17510000000.0,72040000000.0,77450000000.0,,,,,,,134.3,-16.9,137.0,51.5,100.8,,,30.4,19.9,15.4,5.7,4.9,2.9,17.0,6.0,7.5
GE,,,,,,,,,2023,,,,,,134.3,-16.9,137.0,51.5,100.8,,,30.4,19.9,15.4,5.7,4.9,2.9,17.0,6.0,7.5
GE,,,,,,,,,2022,0.05,,,,,134.3,-16.9,137.0,51.5,100.8,,,30.4,19.9,15.4,5.7,4.9,2.9,17.0,6.0,7.5
GE,,,,,,,,,2021,-6.0,,,,,134.3,-16.9,137.0,51.5,100.8,,,30.4,19.9,15.4,5.7,4.9,2.9,17.0,6.0,7.5
GE,,,,,,,,,,,,2023/12/31,1.03,,134.3,-16.9,137.0,51.5,100.8,,,30.4,19.9,15.4,5.7,4.9,2.9,17.0,6.0,7.5
GE,,,,,,,,,,,,2023/09/30,0.82,,134.3,-16.9,137.0,51.5,100.8,,,30.4,19.9,15.4,5.7,4.9,2.9,17.0,6.0,7.5
GE,,,,,,,,,,,,2023/06/30,0.68,,134.3,-16.9,137.0,51.5,100.8,,,30.4,19.9,15.4,5.7,4.9,2.9,17.0,6.0,7.5
GE,,,,,,,,,,,,2023/03/31,0.27,,134.3,-16.9,137.0,51.5,100.8,,,30.4,19.9,15.4,5.7,4.9,2.9,17.0,6.0,7.5
GE,,,,,,,,,,,,2022/12/31,1.24,,134.3,-16.9,137.0,51.5,100.8,,,30.4,19.9,15.4,5.7,4.9,2.9,17.0,6.0,7.5
GE,,,,,,,,,,,,2022/09/30,0.35,,134.3,-16.9,137.0,51.5,100.8,,,30.4,19.9,15.4,5.7,4.9,2.9,17.0,6.0,7.5
GE,,,,,,,,,,,,2022/06/30,0.78,,134.3,-16.9,137.0,51.5,100.8,,,30.4,19.9,15.4,5.7,4.9,2.9,17.0,6.0,7.5
GE,,,,,,,,,,,,2022/03/31,0.24,,134.3,-16.9,137.0,51.5,100.8,,,30.4,19.9,15.4,5.7,4.9,2.9,17.0,6.0,7.5
GE,,,,,,,,,,,,2021/12/31,0.92,,134.3,-16.9,137.0,51.5,100.8,,,30.4,19.9,15.4,5.7,4.9,2.9,17.0,6.0,7.5
GE,,,,,,,,,,,,2021/09/30,0.57,,134.3,-16.9,137.0,51.5,100.8,,,30.4,19.9,15.4,5.7,4.9,2.9,17.0,6.0,7.5
GE,,,,,,,,,2023,,67954000000.0,,,,134.3,-16.9,137.0,51.5,100.8,,,30.4,19.9,15.4,5.7,4.9,2.9,17.0,6.0,7.5
GE,,,,,,,,,2022,,58099000000.0,,,,134.3,-16.9,137.0,51.5,100.8,,,30.4,19.9,15.4,5.7,4.9,2.9,17.0,6.0,7.5
GE,,,,,,,,,2021,,56469000000.0,,,,134.3,-16.9,137.0,51.5,100.8,,,30.4,19.9,15.4,5.7,4.9,2.9,17.0,6.0,7.5
GE,,,,,,,,,,,,2023/12/31,,19423000000.0,134.3,-16.9,137.0,51.5,100.8,,,30.4,19.9,15.4,5.7,4.9,2.9,17.0,6.0,7.5
GE,,,,,,,,,,,,2023/09/30,,17346000000.0,134.3,-16.9,137.0,51.5,100.8,,,30.4,19.9,15.4,5.7,4.9,2.9,17.0,6.0,7.5
GE,,,,,,,,,,,,2023/06/30,,16699000000.0,134.3,-16.9,137.0,51.5,100.8,,,30.4,19.9,15.4,5.7,4.9,2.9,17.0,6.0,7.5
GE,,,,,,,,,,,,2023/03/31,,14486000000.0,134.3,-16.9,137.0,51.5,100.8,,,30.4,19.9,15.4,5.7,4.9,2.9,17.0,6.0,7.5
GE,,,,,,,,,,,,2022/12/31,,16828000000.0,134.3,-16.9,137.0,51.5,100.8,,,30.4,19.9,15.4,5.7,4.9,2.9,17.0,6.0,7.5
GE,,,,,,,,,,,,2022/09/30,,14470000000.0,134.3,-16.9,137.0,51.5,100.8,,,30.4,19.9,15.4,5.7,4.9,2.9,17.0,6.0,7.5
GE,,,,,,,,,,,,2022/06/30,,14127000000.0,134.3,-16.9,137.0,51.5,100.8,,,30.4,19.9,15.4,5.7,4.9,2.9,17.0,6.0,7.5
GE,,,,,,,,,,,,2022/03/31,,12675000000.0,134.3,-16.9,137.0,51.5,100.8,,,30.4,19.9,15.4,5.7,4.9,2.9,17.0,6.0,7.5
GE,,,,,,,,,,,,2021/12/31,,2576000000.0,134.3,-16.9,137.0,51.5,100.8,,,30.4,19.9,15.4,5.7,4.9,2.9,17.0,6.0,7.5
GE,,,,,,,,,,,,2021/09/30,,18569000000.0,134.3,-16.9,137.0,51.5,100.8,,,30.4,19.9,15.4,5.7,4.9,2.9,17.0,6.0,7.5
CAT,5.08,5.47,21.24,22.15,16059999999.999998,17210000000.0,67390000000.0,68850000000.0,,,,,,,39.7,35.5,3.5,-1.4,6.8,,,4.3,12.1,2.8,1.2,-0.6,16.6,12.8,0.5,2.2
CAT,,,,,,,,,2023,,,,,,39.7,35.5,3.5,-1.4,6.8,,,4.3,12.1,2.8,1.2,-0.6,16.6,12.8,0.5,2.2
CAT,,,,,,,,,2022,12.64,,,,,39.7,35.5,3.5,-1.4,6.8,,,4.3,12.1,2.8,1.2,-0.6,16.6,12.8,0.5,2.2
CAT,,,,,,,,,2021,11.83,,,,,39.7,35.5,3.5,-1.4,6.8,,,4.3,12.1,2.8,1.2,-0.6,16.6,12.8,0.5,2.2
CAT,,,,,,,,,,,,2023/12/31,5.23,,39.7,35.5,3.5,-1.4,6.8,,,4.3,12.1,2.8,1.2,-0.6,16.6,12.8,0.5,2.2
CAT,,,,,,,,,,,,2023/09/30,5.52,,39.7,35.5,3.5,-1.4,6.8,,,4.3,12.1,2.8,1.2,-0.6,16.6,12.8,0.5,2.2
CAT,,,,,,,,,,,,2023/06/30,5.55,,39.7,35.5,3.5,-1.4,6.8,,,4.3,12.1,2.8,1.2,-0.6,16.6,12.8,0.5,2.2
CAT,,,,,,,,,,,,2023/03/31,4.91,,39.7,35.5,3.5,-1.4,6.8,,,4.3,12.1,2.8,1.2,-0.6,16.6,12.8,0.5,2.2
CAT,,,,,,,,,,,,2022/12/31,3.86,,39.7,35.5,3.5,-1.4,6.8,,,4.3,12.1,2.8,1.2,-0.6,16.6,12.8,0.5,2.2
CAT,,,,,,,,,,,,2022/09/30,3.95,,39.7,35.5,3.5,-1.4,6.8,,,4.3,12.1,2.8,1.2,-0.6,16.6,12.8,0.5,2.2
CAT,,,,,,,,,,,,2022/06/30,3.18,,39.7,35.5,3.5,-1.4,6.8,,,4.3,12.1,2.8,1.2,-0.6,16.6,12.8,0.5,2.2
CAT,,,,,,,,,,,,2022/03/31,2.88,,39.7,35.5,3.5,-1.4,6.8,,,4.3,12.1,2.8,1.2,-0.6,16.6,12.8,0.5,2.2
CAT,,,,,,,,,,,,2021/12/31,2.69,,39.7,35.5,3.5,-1.4,6.8,,,4.3,12.1,2.8,1.2,-0.6,16.6,12.8,0.5,2.2
CAT,,,,,,,,,,,,2021/09/30,2.66,,39.7,35.5,3.5,-1.4,6.8,,,4.3,12.1,2.8,1.2,-0.6,16.6,12.8,0.5,2.2
CAT,,,,,,,,,2023,,67060000000.0,,,,39.7,35.5,3.5,-1.4,6.8,,,4.3,12.1,2.8,1.2,-0.6,16.6,12.8,0.5,2.2
CAT,,,,,,,,,2022,,59427000000.0,,,,39.7,35.5,3.5,-1.4,6.8,,,4.3,12.1,2.8,1.2,-0.6,16.6,12.8,0.5,2.2
CAT,,,,,,,,,2021,,50971000000.0,,,,39.7,35.5,3.5,-1.4,6.8,,,4.3,12.1,2.8,1.2,-0.6,16.6,12.8,0.5,2.2
CAT,,,,,,,,,,,,2023/12/31,,17070000000.0,39.7,35.5,3.5,-1.4,6.8,,,4.3,12.1,2.8,1.2,-0.6,16.6,12.8,0.5,2.2
CAT,,,,,,,,,,,,2023/09/30,,16810000000.0,39.7,35.5,3.5,-1.4,6.8,,,4.3,12.1,2.8,1.2,-0.6,16.6,12.8,0.5,2.2
CAT,,,,,,,,,,,,2023/06/30,,17318000000.0,39.7,35.5,3.5,-1.4,6.8,,,4.3,12.1,2.8,1.2,-0.6,16.6,12.8,0.5,2.2
CAT,,,,,,,,,,,,2023/03/31,,15862000000.0,39.7,35.5,3.5,-1.4,6.8,,,4.3,12.1,2.8,1.2,-0.6,16.6,12.8,0.5,2.2
CAT,,,,,,,,,,,,2022/12/31,,16597000000.0,39.7,35.5,3.5,-1.4,6.8,,,4.3,12.1,2.8,1.2,-0.6,16.6,12.8,0.5,2.2
CAT,,,,,,,,,,,,2022/09/30,,14994000000.0,39.7,35.5,3.5,-1.4,6.8,,,4.3,12.1,2.8,1.2,-0.6,16.6,12.8,0.5,2.2
CAT,,,,,,,,,,,,2022/06/30,,14247000000.0,39.7,35.5,3.5,-1.4,6.8,,,4.3,12.1,2.8,1.2,-0.6,16.6,12.8,0.5,2.2
CAT,,,,,,,,,,,,2022/03/31,,13589000000.0,39.7,35.5,3.5,-1.4,6.8,,,4.3,12.1,2.8,1.2,-0.6,16.6,12.8,0.5,2.2
CAT,,,,,,,,,,,,2021/12/31,,13798000000.0,39.7,35.5,3.5,-1.4,6.8,,,4.3,12.1,2.8,1.2,-0.6,16.6,12.8,0.5,2.2
CAT,,,,,,,,,,,,2021/09/30,,12397000000.0,39.7,35.5,3.5,-1.4,6.8,,,4.3,12.1,2.8,1.2,-0.6,16.6,12.8,0.5,2.2
AMAT,1.97,1.96,8.2,9.47,6510000000.0,6550000000.0,26670000000.0,29610000000.0,,,,,,,4.4,4.9,-1.5,3.2,16.2,,,15.5,-0.4,-0.5,-1.8,1.9,11.8,2.8,0.6,11.0
AMAT,,,,,,,,,2023,,,,,,4.4,4.9,-1.5,3.2,16.2,,,15.5,-0.4,-0.5,-1.8,1.9,11.8,2.8,0.6,11.0
AMAT,,,,,,,,,2022,7.44,,,,,4.4,4.9,-1.5,3.2,16.2,,,15.5,-0.4,-0.5,-1.8,1.9,11.8,2.8,0.6,11.0
AMAT,,,,,,,,,2021,6.4,,,,,4.4,4.9,-1.5,3.2,16.2,,,15.5,-0.4,-0.5,-1.8,1.9,11.8,2.8,0.6,11.0
AMAT,,,,,,,,,,,,2024/01/31,2.13,,4.4,4.9,-1.5,3.2,16.2,,,15.5,-0.4,-0.5,-1.8,1.9,11.8,2.8,0.6,11.0
AMAT,,,,,,,,,,,,2023/10/31,2.12,,4.4,4.9,-1.5,3.2,16.2,,,15.5,-0.4,-0.5,-1.8,1.9,11.8,2.8,0.6,11.0
AMAT,,,,,,,,,,,,2023/07/31,1.9,,4.4,4.9,-1.5,3.2,16.2,,,15.5,-0.4,-0.5,-1.8,1.9,11.8,2.8,0.6,11.0
AMAT,,,,,,,,,,,,2023/04/30,2.0,,4.4,4.9,-1.5,3.2,16.2,,,15.5,-0.4,-0.5,-1.8,1.9,11.8,2.8,0.6,11.0
AMAT,,,,,,,,,,,,2023/01/31,2.03,,4.4,4.9,-1.5,3.2,16.2,,,15.5,-0.4,-0.5,-1.8,1.9,11.8,2.8,0.6,11.0
AMAT,,,,,,,,,,,,2022/10/31,2.03,,4.4,4.9,-1.5,3.2,16.2,,,15.5,-0.4,-0.5,-1.8,1.9,11.8,2.8,0.6,11.0
AMAT,,,,,,,,,,,,2022/07/31,1.94,,4.4,4.9,-1.5,3.2,16.2,,,15.5,-0.4,-0.5,-1.8,1.9,11.8,2.8,0.6,11.0
AMAT,,,,,,,,,,,,2022/04/30,1.85,,4.4,4.9,-1.5,3.2,16.2,,,15.5,-0.4,-0.5,-1.8,1.9,11.8,2.8,0.6,11.0
AMAT,,,,,,,,,,,,2022/01/31,1.89,,4.4,4.9,-1.5,3.2,16.2,,,15.5,-0.4,-0.5,-1.8,1.9,11.8,2.8,0.6,11.0
AMAT,,,,,,,,,,,,2021/10/31,1.94,,4.4,4.9,-1.5,3.2,16.2,,,15.5,-0.4,-0.5,-1.8,1.9,11.8,2.8,0.6,11.0
AMAT,,,,,,,,,2023,,26517000000.0,,,,4.4,4.9,-1.5,3.2,16.2,,,15.5,-0.4,-0.5,-1.8,1.9,11.8,2.8,0.6,11.0
AMAT,,,,,,,,,2022,,25785000000.0,,,,4.4,4.9,-1.5,3.2,16.2,,,15.5,-0.4,-0.5,-1.8,1.9,11.8,2.8,0.6,11.0
AMAT,,,,,,,,,2021,,23063000000.0,,,,4.4,4.9,-1.5,3.2,16.2,,,15.5,-0.4,-0.5,-1.8,1.9,11.8,2.8,0.6,11.0
AMAT,,,,,,,,,,,,2024/01/31,,6707000000.0,4.4,4.9,-1.5,3.2,16.2,,,15.5,-0.4,-0.5,-1.8,1.9,11.8,2.8,0.6,11.0
AMAT,,,,,,,,,,,,2023/10/31,,6723000000.0,4.4,4.9,-1.5,3.2,16.2,,,15.5,-0.4,-0.5,-1.8,1.9,11.8,2.8,0.6,11.0
AMAT,,,,,,,,,,,,2023/07/31,,6425000000.0,4.4,4.9,-1.5,3.2,16.2,,,15.5,-0.4,-0.5,-1.8,1.9,11.8,2.8,0.6,11.0
AMAT,,,,,,,,,,,,2023/04/30,,6630000000.0,4.4,4.9,-1.5,3.2,16.2,,,15.5,-0.4,-0.5,-1.8,1.9,11.8,2.8,0.6,11.0
AMAT,,,,,,,,,,,,2023/01/31,,6739000000.0,4.4,4.9,-1.5,3.2,16.2,,,15.5,-0.4,-0.5,-1.8,1.9,11.8,2.8,0.6,11.0
AMAT,,,,,,,,,,,,2022/10/31,,6749000000.0,4.4,4.9,-1.5,3.2,16.2,,,15.5,-0.4,-0.5,-1.8,1.9,11.8,2.8,0.6,11.0
AMAT,,,,,,,,,,,,2022/07/31,,6520000000.0,4.4,4.9,-1.5,3.2,16.2,,,15.5,-0.4,-0.5,-1.8,1.9,11.8,2.8,0.6,11.0
AMAT,,,,,,,,,,,,2022/04/30,,6245000000.0,4.4,4.9,-1.5,3.2,16.2,,,15.5,-0.4,-0.5,-1.8,1.9,11.8,2.8,0.6,11.0
AMAT,,,,,,,,,,,,2022/01/31,,6271000000.0,4.4,4.9,-1.5,3.2,16.2,,,15.5,-0.4,-0.5,-1.8,1.9,11.8,2.8,0.6,11.0
AMAT,,,,,,,,,,,,2021/10/31,,6123000000.0,4.4,4.9,-1.5,3.2,16.2,,,15.5,-0.4,-0.5,-1.8,1.9,11.8,2.8,0.6,11.0
NOW,2.92,2.67,12.28,14.84,2400000000.0,2420000000.0,10100000000.0,12190000000.0,,,,,,,142.0,27.3,247.6,246.8,41.6,426.2,45.8,20.8,25.0,25.6,14.5,12.6,22.9,23.8,12.6,20.7
NOW,,,,,,,,,2023,8.42,,,,,142.0,27.3,247.6,246.8,41.6,426.2,45.8,20.8,25.0,25.6,14.5,12.6,22.9,23.8,12.6,20.7
NOW,,,,,,,,,2022,1.6,,,,,142.0,27.3,247.6,246.8,41.6,426.2,45.8,20.8,25.0,25.6,14.5,12.6,22.9,23.8,12.6,20.7
NOW,,,,,,,,,2021,1.13,,,,,142.0,27.3,247.6,246.8,41.6,426.2,45.8,20.8,25.0,25.6,14.5,12.6,22.9,23.8,12.6,20.7
NOW,,,,,,,,,,,,2023/12/31,1.12,,142.0,27.3,247.6,246.8,41.6,426.2,45.8,20.8,25.0,25.6,14.5,12.6,22.9,23.8,12.6,20.7
NOW,,,,,,,,,,,,2023/09/30,1.21,,142.0,27.3,247.6,246.8,41.6,426.2,45.8,20.8,25.0,25.6,14.5,12.6,22.9,23.8,12.6,20.7
NOW,,,,,,,,,,,,2023/06/30,0.77,,142.0,27.3,247.6,246.8,41.6,426.2,45.8,20.8,25.0,25.6,14.5,12.6,22.9,23.8,12.6,20.7
NOW,,,,,,,,,,,,2023/03/31,0.84,,142.0,27.3,247.6,246.8,41.6,426.2,45.8,20.8,25.0,25.6,14.5,12.6,22.9,23.8,12.6,20.7
NOW,,,,,,,,,,,,2022/12/31,0.88,,142.0,27.3,247.6,246.8,41.6,426.2,45.8,20.8,25.0,25.6,14.5,12.6,22.9,23.8,12.6,20.7
NOW,,,,,,,,,,,,2022/09/30,0.5,,142.0,27.3,247.6,246.8,41.6,426.2,45.8,20.8,25.0,25.6,14.5,12.6,22.9,23.8,12.6,20.7
NOW,,,,,,,,,,,,2022/06/30,0.2,,142.0,27.3,247.6,246.8,41.6,426.2,45.8,20.8,25.0,25.6,14.5,12.6,22.9,23.8,12.6,20.7
NOW,,,,,,,,,,,,2022/03/31,0.47,,142.0,27.3,247.6,246.8,41.6,426.2,45.8,20.8,25.0,25.6,14.5,12.6,22.9,23.8,12.6,20.7
NOW,,,,,,,,,,,,2021/12/31,0.29,,142.0,27.3,247.6,246.8,41.6,426.2,45.8,20.8,25.0,25.6,14.5,12.6,22.9,23.8,12.6,20.7
NOW,,,,,,,,,,,,2021/09/30,0.42,,142.0,27.3,247.6,246.8,41.6,426.2,45.8,20.8,25.0,25.6,14.5,12.6,22.9,23.8,12.6,20.7
NOW,,,,,,,,,2023,,8971000000.0,,,,142.0,27.3,247.6,246.8,41.6,426.2,45.8,20.8,25.0,25.6,14.5,12.6,22.9,23.8,12.6,20.7
NOW,,,,,,,,,2022,,7245000000.0,,,,142.0,27.3,247.6,246.8,41.6,426.2,45.8,20.8,25.0,25.6,14.5,12.6,22.9,23.8,12.6,20.7
NOW,,,,,,,,,2021,,5896000000.0,,,,142.0,27.3,247.6,246.8,41.6,426.2,45.8,20.8,25.0,25.6,14.5,12.6,22.9,23.8,12.6,20.7
NOW,,,,,,,,,,,,2023/12/31,,2437000000.0,142.0,27.3,247.6,246.8,41.6,426.2,45.8,20.8,25.0,25.6,14.5,12.6,22.9,23.8,12.6,20.7
NOW,,,,,,,,,,,,2023/09/30,,2288000000.0,142.0,27.3,247.6,246.8,41.6,426.2,45.8,20.8,25.0,25.6,14.5,12.6,22.9,23.8,12.6,20.7
NOW,,,,,,,,,,,,2023/06/30,,2150000000.0,142.0,27.3,247.6,246.8,41.6,426.2,45.8,20.8,25.0,25.6,14.5,12.6,22.9,23.8,12.6,20.7
NOW,,,,,,,,,,,,2023/03/31,,2096000000.0,142.0,27.3,247.6,246.8,41.6,426.2,45.8,20.8,25.0,25.6,14.5,12.6,22.9,23.8,12.6,20.7
NOW,,,,,,,,,,,,2022/12/31,,1940000000.0,142.0,27.3,247.6,246.8,41.6,426.2,45.8,20.8,25.0,25.6,14.5,12.6,22.9,23.8,12.6,20.7
NOW,,,,,,,,,,,,2022/09/30,,1831000000.0,142.0,27.3,247.6,246.8,41.6,426.2,45.8,20.8,25.0,25.6,14.5,12.6,22.9,23.8,12.6,20.7
NOW,,,,,,,,,,,,2022/06/30,,1752000000.0,142.0,27.3,247.6,246.8,41.6,426.2,45.8,20.8,25.0,25.6,14.5,12.6,22.9,23.8,12.6,20.7
NOW,,,,,,,,,,,,2022/03/31,,1722000000.0,142.0,27.3,247.6,246.8,41.6,426.2,45.8,20.8,25.0,25.6,14.5,12.6,22.9,23.8,12.6,20.7
NOW,,,,,,,,,,,,2021/12/31,,1615000000.0,142.0,27.3,247.6,246.8,41.6,426.2,45.8,20.8,25.0,25.6,14.5,12.6,22.9,23.8,12.6,20.7
NOW,,,,,,,,,,,,2021/09/30,,1512000000.0,142.0,27.3,247.6,246.8,41.6,426.2,45.8,20.8,25.0,25.6,14.5,12.6,22.9,23.8,12.6,20.7
AXP,2.75,2.97,11.9,13.68,14640000000.0,15300000000.0,61320000000.0,66489999999.99999,,,,,,,33.6,26.6,14.6,2.8,-1.7,,,15.0,19.7,15.4,-6.8,-8.5,21.8,14.8,1.6,8.4
AXP,,,,,,,,,2023,,,,,,33.6,26.6,14.6,2.8,-1.7,,,15.0,19.7,15.4,-6.8,-8.5,21.8,14.8,1.6,8.4
AXP,,,,,,,,,2022,9.85,,,,,33.6,26.6,14.6,2.8,-1.7,,,15.0,19.7,15.4,-6.8,-8.5,21.8,14.8,1.6,8.4
AXP,,,,,,,,,2021,10.02,,,,,33.6,26.6,14.6,2.8,-1.7,,,15.0,19.7,15.4,-6.8,-8.5,21.8,14.8,1.6,8.4
AXP,,,,,,,,,,,,2023/12/31,2.62,,33.6,26.6,14.6,2.8,-1.7,,,15.0,19.7,15.4,-6.8,-8.5,21.8,14.8,1.6,8.4
AXP,,,,,,,,,,,,2023/09/30,3.3,,33.6,26.6,14.6,2.8,-1.7,,,15.0,19.7,15.4,-6.8,-8.5,21.8,14.8,1.6,8.4
AXP,,,,,,,,,,,,2023/06/30,2.89,,33.6,26.6,14.6,2.8,-1.7,,,15.0,19.7,15.4,-6.8,-8.5,21.8,14.8,1.6,8.4
AXP,,,,,,,,,,,,2023/03/31,2.4,,33.6,26.6,14.6,2.8,-1.7,,,15.0,19.7,15.4,-6.8,-8.5,21.8,14.8,1.6,8.4
AXP,,,,,,,,,,,,2022/12/31,2.07,,33.6,26.6,14.6,2.8,-1.7,,,15.0,19.7,15.4,-6.8,-8.5,21.8,14.8,1.6,8.4
AXP,,,,,,,,,,,,2022/09/30,2.47,,33.6,26.6,14.6,2.8,-1.7,,,15.0,19.7,15.4,-6.8,-8.5,21.8,14.8,1.6,8.4
AXP,,,,,,,,,,,,2022/06/30,2.57,,33.6,26.6,14.6,2.8,-1.7,,,15.0,19.7,15.4,-6.8,-8.5,21.8,14.8,1.6,8.4
AXP,,,,,,,,,,,,2022/03/31,2.73,,33.6,26.6,14.6,2.8,-1.7,,,15.0,19.7,15.4,-6.8,-8.5,21.8,14.8,1.6,8.4
AXP,,,,,,,,,,,,2021/12/31,2.18,,33.6,26.6,14.6,2.8,-1.7,,,15.0,19.7,15.4,-6.8,-8.5,21.8,14.8,1.6,8.4
AXP,,,,,,,,,,,,2021/09/30,2.27,,33.6,26.6,14.6,2.8,-1.7,,,15.0,19.7,15.4,-6.8,-8.5,21.8,14.8,1.6,8.4
AXP,,,,,,,,,2023,,60363000000.0,,,,33.6,26.6,14.6,2.8,-1.7,,,15.0,19.7,15.4,-6.8,-8.5,21.8,14.8,1.6,8.4
AXP,,,,,,,,,2022,,52560000000.0,,,,33.6,26.6,14.6,2.8,-1.7,,,15.0,19.7,15.4,-6.8,-8.5,21.8,14.8,1.6,8.4
AXP,,,,,,,,,2021,,43147000000.0,,,,33.6,26.6,14.6,2.8,-1.7,,,15.0,19.7,15.4,-6.8,-8.5,21.8,14.8,1.6,8.4
AXP,,,,,,,,,,,,2023/12/31,,17747000000.0,33.6,26.6,14.6,2.8,-1.7,,,15.0,19.7,15.4,-6.8,-8.5,21.8,14.8,1.6,8.4
AXP,,,,,,,,,,,,2023/09/30,,17179000000.0,33.6,26.6,14.6,2.8,-1.7,,,15.0,19.7,15.4,-6.8,-8.5,21.8,14.8,1.6,8.4
AXP,,,,,,,,,,,,2023/06/30,,16724000000.0,33.6,26.6,14.6,2.8,-1.7,,,15.0,19.7,15.4,-6.8,-8.5,21.8,14.8,1.6,8.4
AXP,,,,,,,,,,,,2023/03/31,,15714000000.0,33.6,26.6,14.6,2.8,-1.7,,,15.0,19.7,15.4,-6.8,-8.5,21.8,14.8,1.6,8.4
AXP,,,,,,,,,,,,2022/12/31,,15383000000.0,33.6,26.6,14.6,2.8,-1.7,,,15.0,19.7,15.4,-6.8,-8.5,21.8,14.8,1.6,8.4
AXP,,,,,,,,,,,,2022/09/30,,14352000000.0,33.6,26.6,14.6,2.8,-1.7,,,15.0,19.7,15.4,-6.8,-8.5,21.8,14.8,1.6,8.4
AXP,,,,,,,,,,,,2022/06/30,,13834000000.0,33.6,26.6,14.6,2.8,-1.7,,,15.0,19.7,15.4,-6.8,-8.5,21.8,14.8,1.6,8.4
AXP,,,,,,,,,,,,2022/03/31,,12056000000.0,33.6,26.6,14.6,2.8,-1.7,,,15.0,19.7,15.4,-6.8,-8.5,21.8,14.8,1.6,8.4
AXP,,,,,,,,,,,,2021/12/31,,12437000000.0,33.6,26.6,14.6,2.8,-1.7,,,15.0,19.7,15.4,-6.8,-8.5,21.8,14.8,1.6,8.4
AXP,,,,,,,,,,,,2021/09/30,,11235000000.0,33.6,26.6,14.6,2.8,-1.7,,,15.0,19.7,15.4,-6.8,-8.5,21.8,14.8,1.6,8.4
BX,0.98,1.09,4.94,6.15,2530000000.0,2750000000.0,12340000000.0,14910000000.0,,,,,,,-11.3,3.7,1.0,17.2,442.0,-71.0,109.3,24.5,140.2,-24.6,83.1,-2.3,218.2,-57.2,73.0,20.8
BX,,,,,,,,,2022,2.36,,,,,-11.3,3.7,1.0,17.2,442.0,-71.0,109.3,24.5,140.2,-24.6,83.1,-2.3,218.2,-57.2,73.0,20.8
BX,,,,,,,,,2021,8.13,,,,,-11.3,3.7,1.0,17.2,442.0,-71.0,109.3,24.5,140.2,-24.6,83.1,-2.3,218.2,-57.2,73.0,20.8
BX,,,,,,,,,2020,1.5,,,,,-11.3,3.7,1.0,17.2,442.0,-71.0,109.3,24.5,140.2,-24.6,83.1,-2.3,218.2,-57.2,73.0,20.8
BX,,,,,,,,,,,,2023/12/31,1.11,,-11.3,3.7,1.0,17.2,442.0,-71.0,109.3,24.5,140.2,-24.6,83.1,-2.3,218.2,-57.2,73.0,20.8
BX,,,,,,,,,,,,2023/09/30,0.94,,-11.3,3.7,1.0,17.2,442.0,-71.0,109.3,24.5,140.2,-24.6,83.1,-2.3,218.2,-57.2,73.0,20.8
BX,,,,,,,,,,,,2023/06/30,0.93,,-11.3,3.7,1.0,17.2,442.0,-71.0,109.3,24.5,140.2,-24.6,83.1,-2.3,218.2,-57.2,73.0,20.8
BX,,,,,,,,,,,,2023/03/31,0.97,,-11.3,3.7,1.0,17.2,442.0,-71.0,109.3,24.5,140.2,-24.6,83.1,-2.3,218.2,-57.2,73.0,20.8
BX,,,,,,,,,,,,2022/12/31,1.07,,-11.3,3.7,1.0,17.2,442.0,-71.0,109.3,24.5,140.2,-24.6,83.1,-2.3,218.2,-57.2,73.0,20.8
BX,,,,,,,,,,,,2022/09/30,1.06,,-11.3,3.7,1.0,17.2,442.0,-71.0,109.3,24.5,140.2,-24.6,83.1,-2.3,218.2,-57.2,73.0,20.8
BX,,,,,,,,,,,,2022/06/30,1.49,,-11.3,3.7,1.0,17.2,442.0,-71.0,109.3,24.5,140.2,-24.6,83.1,-2.3,218.2,-57.2,73.0,20.8
BX,,,,,,,,,,,,2022/03/31,1.55,,-11.3,3.7,1.0,17.2,442.0,-71.0,109.3,24.5,140.2,-24.6,83.1,-2.3,218.2,-57.2,73.0,20.8
BX,,,,,,,,,,,,2021/12/31,1.71,,-11.3,3.7,1.0,17.2,442.0,-71.0,109.3,24.5,140.2,-24.6,83.1,-2.3,218.2,-57.2,73.0,20.8
BX,,,,,,,,,,,,2021/09/30,1.28,,-11.3,3.7,1.0,17.2,442.0,-71.0,109.3,24.5,140.2,-24.6,83.1,-2.3,218.2,-57.2,73.0,20.8
BX,,,,,,,,,2022,,7132632000.0,,,,-11.3,3.7,1.0,17.2,442.0,-71.0,109.3,24.5,140.2,-24.6,83.1,-2.3,218.2,-57.2,73.0,20.8
BX,,,,,,,,,2021,,16652351000.0,,,,-11.3,3.7,1.0,17.2,442.0,-71.0,109.3,24.5,140.2,-24.6,83.1,-2.3,218.2,-57.2,73.0,20.8
BX,,,,,,,,,2020,,5233168000.0,,,,-11.3,3.7,1.0,17.2,442.0,-71.0,109.3,24.5,140.2,-24.6,83.1,-2.3,218.2,-57.2,73.0,20.8
BX,,,,,,,,,,,,2023/12/31,,1285000000.0,-11.3,3.7,1.0,17.2,442.0,-71.0,109.3,24.5,140.2,-24.6,83.1,-2.3,218.2,-57.2,73.0,20.8
BX,,,,,,,,,,,,2023/09/30,,2541300000.0,-11.3,3.7,1.0,17.2,442.0,-71.0,109.3,24.5,140.2,-24.6,83.1,-2.3,218.2,-57.2,73.0,20.8
BX,,,,,,,,,,,,2023/06/30,,2814700000.0,-11.3,3.7,1.0,17.2,442.0,-71.0,109.3,24.5,140.2,-24.6,83.1,-2.3,218.2,-57.2,73.0,20.8
BX,,,,,,,,,,,,2023/03/31,,1381800000.0,-11.3,3.7,1.0,17.2,442.0,-71.0,109.3,24.5,140.2,-24.6,83.1,-2.3,218.2,-57.2,73.0,20.8
BX,,,,,,,,,,,,2022/12/31,,1704100000.0,-11.3,3.7,1.0,17.2,442.0,-71.0,109.3,24.5,140.2,-24.6,83.1,-2.3,218.2,-57.2,73.0,20.8
BX,,,,,,,,,,,,2022/09/30,,1058099999.9999999,-11.3,3.7,1.0,17.2,442.0,-71.0,109.3,24.5,140.2,-24.6,83.1,-2.3,218.2,-57.2,73.0,20.8
BX,,,,,,,,,,,,2022/06/30,,629220000.0,-11.3,3.7,1.0,17.2,442.0,-71.0,109.3,24.5,140.2,-24.6,83.1,-2.3,218.2,-57.2,73.0,20.8
BX,,,,,,,,,,,,2022/03/31,,5126300000.0,-11.3,3.7,1.0,17.2,442.0,-71.0,109.3,24.5,140.2,-24.6,83.1,-2.3,218.2,-57.2,73.0,20.8
BX,,,,,,,,,,,,2021/12/31,,5762700000.0,-11.3,3.7,1.0,17.2,442.0,-71.0,109.3,24.5,140.2,-24.6,83.1,-2.3,218.2,-57.2,73.0,20.8
BX,,,,,,,,,,,,2021/09/30,,6224300000.0,-11.3,3.7,1.0,17.2,442.0,-71.0,109.3,24.5,140.2,-24.6,83.1,-2.3,218.2,-57.2,73.0,20.8
ISRG,1.41,1.56,6.25,7.32,1870000000.0,1980000000.0,7990000000.0,9230000000.0,,,,,,,28.9,29.7,41.0,32.2,-21.7,,,17.1,12.0,16.5,10.2,12.8,9.0,14.5,12.2,15.5
ISRG,,,,,,,,,2023,,,,,,28.9,29.7,41.0,32.2,-21.7,,,17.1,12.0,16.5,10.2,12.8,9.0,14.5,12.2,15.5
ISRG,,,,,,,,,2022,3.65,,,,,28.9,29.7,41.0,32.2,-21.7,,,17.1,12.0,16.5,10.2,12.8,9.0,14.5,12.2,15.5
ISRG,,,,,,,,,2021,4.66,,,,,28.9,29.7,41.0,32.2,-21.7,,,17.1,12.0,16.5,10.2,12.8,9.0,14.5,12.2,15.5
ISRG,,,,,,,,,,,,2023/12/31,1.18,,28.9,29.7,41.0,32.2,-21.7,,,17.1,12.0,16.5,10.2,12.8,9.0,14.5,12.2,15.5
ISRG,,,,,,,,,,,,2023/09/30,1.16,,28.9,29.7,41.0,32.2,-21.7,,,17.1,12.0,16.5,10.2,12.8,9.0,14.5,12.2,15.5
ISRG,,,,,,,,,,,,2023/06/30,1.18,,28.9,29.7,41.0,32.2,-21.7,,,17.1,12.0,16.5,10.2,12.8,9.0,14.5,12.2,15.5
ISRG,,,,,,,,,,,,2023/03/31,1.0,,28.9,29.7,41.0,32.2,-21.7,,,17.1,12.0,16.5,10.2,12.8,9.0,14.5,12.2,15.5
ISRG,,,,,,,,,,,,2022/12/31,0.91,,28.9,29.7,41.0,32.2,-21.7,,,17.1,12.0,16.5,10.2,12.8,9.0,14.5,12.2,15.5
ISRG,,,,,,,,,,,,2022/09/30,0.9,,28.9,29.7,41.0,32.2,-21.7,,,17.1,12.0,16.5,10.2,12.8,9.0,14.5,12.2,15.5
ISRG,,,,,,,,,,,,2022/06/30,0.85,,28.9,29.7,41.0,32.2,-21.7,,,17.1,12.0,16.5,10.2,12.8,9.0,14.5,12.2,15.5
ISRG,,,,,,,,,,,,2022/03/31,1.0,,28.9,29.7,41.0,32.2,-21.7,,,17.1,12.0,16.5,10.2,12.8,9.0,14.5,12.2,15.5
ISRG,,,,,,,,,,,,2021/12/31,1.04,,28.9,29.7,41.0,32.2,-21.7,,,17.1,12.0,16.5,10.2,12.8,9.0,14.5,12.2,15.5
ISRG,,,,,,,,,,,,2021/09/30,1.04,,28.9,29.7,41.0,32.2,-21.7,,,17.1,12.0,16.5,10.2,12.8,9.0,14.5,12.2,15.5
ISRG,,,,,,,,,2023,,7124100000.0,,,,28.9,29.7,41.0,32.2,-21.7,,,17.1,12.0,16.5,10.2,12.8,9.0,14.5,12.2,15.5
ISRG,,,,,,,,,2022,,6222200000.0,,,,28.9,29.7,41.0,32.2,-21.7,,,17.1,12.0,16.5,10.2,12.8,9.0,14.5,12.2,15.5
ISRG,,,,,,,,,2021,,5710100000.0,,,,28.9,29.7,41.0,32.2,-21.7,,,17.1,12.0,16.5,10.2,12.8,9.0,14.5,12.2,15.5
ISRG,,,,,,,,,,,,2023/12/31,,1928300000.0,28.9,29.7,41.0,32.2,-21.7,,,17.1,12.0,16.5,10.2,12.8,9.0,14.5,12.2,15.5
ISRG,,,,,,,,,,,,2023/09/30,,1743700000.0,28.9,29.7,41.0,32.2,-21.7,,,17.1,12.0,16.5,10.2,12.8,9.0,14.5,12.2,15.5
ISRG,,,,,,,,,,,,2023/06/30,,1755900000.0,28.9,29.7,41.0,32.2,-21.7,,,17.1,12.0,16.5,10.2,12.8,9.0,14.5,12.2,15.5
ISRG,,,,,,,,,,,,2023/03/31,,1696200000.0,28.9,29.7,41.0,32.2,-21.7,,,17.1,12.0,16.5,10.2,12.8,9.0,14.5,12.2,15.5
ISRG,,,,,,,,,,,,2022/12/31,,1655000000.0,28.9,29.7,41.0,32.2,-21.7,,,17.1,12.0,16.5,10.2,12.8,9.0,14.5,12.2,15.5
ISRG,,,,,,,,,,,,2022/09/30,,1557400000.0,28.9,29.7,41.0,32.2,-21.7,,,17.1,12.0,16.5,10.2,12.8,9.0,14.5,12.2,15.5
ISRG,,,,,,,,,,,,2022/06/30,,1522100000.0,28.9,29.7,41.0,32.2,-21.7,,,17.1,12.0,16.5,10.2,12.8,9.0,14.5,12.2,15.5
ISRG,,,,,,,,,,,,2022/03/31,,1487700000.0,28.9,29.7,41.0,32.2,-21.7,,,17.1,12.0,16.5,10.2,12.8,9.0,14.5,12.2,15.5
ISRG,,,,,,,,,,,,2021/12/31,,1550700000.0,28.9,29.7,41.0,32.2,-21.7,,,17.1,12.0,16.5,10.2,12.8,9.0,14.5,12.2,15.5
ISRG,,,,,,,,,,,,2021/09/30,,1403300000.0,28.9,29.7,41.0,32.2,-21.7,,,17.1,12.0,16.5,10.2,12.8,9.0,14.5,12.2,15.5
LRCX,7.26,7.29,29.06,35.63,3720000000.0,3770000000.0,14770000000.0,17340000000.0,,,,,,,-34.3,-29.8,3.9,21.9,21.7,1.4,-12.5,22.6,-31.4,-28.8,-3.9,17.5,17.8,1.2,-15.3,17.4
LRCX,,,,,,,,,2023,33.21,,,,,-34.3,-29.8,3.9,21.9,21.7,1.4,-12.5,22.6,-31.4,-28.8,-3.9,17.5,17.8,1.2,-15.3,17.4
LRCX,,,,,,,,,2022,32.75,,,,,-34.3,-29.8,3.9,21.9,21.7,1.4,-12.5,22.6,-31.4,-28.8,-3.9,17.5,17.8,1.2,-15.3,17.4
LRCX,,,,,,,,,2021,26.9,,,,,-34.3,-29.8,3.9,21.9,21.7,1.4,-12.5,22.6,-31.4,-28.8,-3.9,17.5,17.8,1.2,-15.3,17.4
LRCX,,,,,,,,,,,,2023/12/31,7.52,,-34.3,-29.8,3.9,21.9,21.7,1.4,-12.5,22.6,-31.4,-28.8,-3.9,17.5,17.8,1.2,-15.3,17.4
LRCX,,,,,,,,,,,,2023/09/30,6.85,,-34.3,-29.8,3.9,21.9,21.7,1.4,-12.5,22.6,-31.4,-28.8,-3.9,17.5,17.8,1.2,-15.3,17.4
LRCX,,,,,,,,,,,,2023/06/30,5.98,,-34.3,-29.8,3.9,21.9,21.7,1.4,-12.5,22.6,-31.4,-28.8,-3.9,17.5,17.8,1.2,-15.3,17.4
LRCX,,,,,,,,,,,,2023/03/31,6.99,,-34.3,-29.8,3.9,21.9,21.7,1.4,-12.5,22.6,-31.4,-28.8,-3.9,17.5,17.8,1.2,-15.3,17.4
LRCX,,,,,,,,,,,,2022/12/31,10.71,,-34.3,-29.8,3.9,21.9,21.7,1.4,-12.5,22.6,-31.4,-28.8,-3.9,17.5,17.8,1.2,-15.3,17.4
LRCX,,,,,,,,,,,,2022/09/30,10.42,,-34.3,-29.8,3.9,21.9,21.7,1.4,-12.5,22.6,-31.4,-28.8,-3.9,17.5,17.8,1.2,-15.3,17.4
LRCX,,,,,,,,,,,,2022/06/30,8.83,,-34.3,-29.8,3.9,21.9,21.7,1.4,-12.5,22.6,-31.4,-28.8,-3.9,17.5,17.8,1.2,-15.3,17.4
LRCX,,,,,,,,,,,,2022/03/31,7.4,,-34.3,-29.8,3.9,21.9,21.7,1.4,-12.5,22.6,-31.4,-28.8,-3.9,17.5,17.8,1.2,-15.3,17.4
LRCX,,,,,,,,,,,,2021/12/31,8.53,,-34.3,-29.8,3.9,21.9,21.7,1.4,-12.5,22.6,-31.4,-28.8,-3.9,17.5,17.8,1.2,-15.3,17.4
LRCX,,,,,,,,,,,,2021/09/30,8.36,,-34.3,-29.8,3.9,21.9,21.7,1.4,-12.5,22.6,-31.4,-28.8,-3.9,17.5,17.8,1.2,-15.3,17.4
LRCX,,,,,,,,,2023,,17428516000.0,,,,-34.3,-29.8,3.9,21.9,21.7,1.4,-12.5,22.6,-31.4,-28.8,-3.9,17.5,17.8,1.2,-15.3,17.4
LRCX,,,,,,,,,2022,,17227039000.0,,,,-34.3,-29.8,3.9,21.9,21.7,1.4,-12.5,22.6,-31.4,-28.8,-3.9,17.5,17.8,1.2,-15.3,17.4
LRCX,,,,,,,,,2021,,14626150000.0,,,,-34.3,-29.8,3.9,21.9,21.7,1.4,-12.5,22.6,-31.4,-28.8,-3.9,17.5,17.8,1.2,-15.3,17.4
LRCX,,,,,,,,,,,,2023/12/31,,3758300000.0,-34.3,-29.8,3.9,21.9,21.7,1.4,-12.5,22.6,-31.4,-28.8,-3.9,17.5,17.8,1.2,-15.3,17.4
LRCX,,,,,,,,,,,,2023/09/30,,3482100000.0,-34.3,-29.8,3.9,21.9,21.7,1.4,-12.5,22.6,-31.4,-28.8,-3.9,17.5,17.8,1.2,-15.3,17.4
LRCX,,,,,,,,,,,,2023/06/30,,3207300000.0,-34.3,-29.8,3.9,21.9,21.7,1.4,-12.5,22.6,-31.4,-28.8,-3.9,17.5,17.8,1.2,-15.3,17.4
LRCX,,,,,,,,,,,,2023/03/31,,3869600000.0,-34.3,-29.8,3.9,21.9,21.7,1.4,-12.5,22.6,-31.4,-28.8,-3.9,17.5,17.8,1.2,-15.3,17.4
LRCX,,,,,,,,,,,,2022/12/31,,5277600000.0,-34.3,-29.8,3.9,21.9,21.7,1.4,-12.5,22.6,-31.4,-28.8,-3.9,17.5,17.8,1.2,-15.3,17.4
LRCX,,,,,,,,,,,,2022/09/30,,5074100000.0,-34.3,-29.8,3.9,21.9,21.7,1.4,-12.5,22.6,-31.4,-28.8,-3.9,17.5,17.8,1.2,-15.3,17.4
LRCX,,,,,,,,,,,,2022/06/30,,4635600000.0,-34.3,-29.8,3.9,21.9,21.7,1.4,-12.5,22.6,-31.4,-28.8,-3.9,17.5,17.8,1.2,-15.3,17.4
LRCX,,,,,,,,,,,,2022/03/31,,4060400000.0,-34.3,-29.8,3.9,21.9,21.7,1.4,-12.5,22.6,-31.4,-28.8,-3.9,17.5,17.8,1.2,-15.3,17.4
LRCX,,,,,,,,,,,,2021/12/31,,4226600000.0000005,-34.3,-29.8,3.9,21.9,21.7,1.4,-12.5,22.6,-31.4,-28.8,-3.9,17.5,17.8,1.2,-15.3,17.4
LRCX,,,,,,,,,,,,2021/09/30,,4304500000.0,-34.3,-29.8,3.9,21.9,21.7,1.4,-12.5,22.6,-31.4,-28.8,-3.9,17.5,17.8,1.2,-15.3,17.4
PANW,1.29,1.53,5.51,6.48,2040000000.0,2300000000.0,8189999999.999999,9690000000.0,,,,,,,433.3,425.0,279.4,302.6,48.0,242.2,330.5,17.6,26.0,20.1,23.3,33.7,29.3,25.3,18.8,18.3
PANW,,,,,,,,,2023,1.28,,,,,433.3,425.0,279.4,302.6,48.0,242.2,330.5,17.6,26.0,20.1,23.3,33.7,29.3,25.3,18.8,18.3
PANW,,,,,,,,,2022,-0.9,,,,,433.3,425.0,279.4,302.6,48.0,242.2,330.5,17.6,26.0,20.1,23.3,33.7,29.3,25.3,18.8,18.3
PANW,,,,,,,,,2021,-1.73,,,,,433.3,425.0,279.4,302.6,48.0,242.2,330.5,17.6,26.0,20.1,23.3,33.7,29.3,25.3,18.8,18.3
PANW,,,,,,,,,,,,2023/10/31,0.63,,433.3,425.0,279.4,302.6,48.0,242.2,330.5,17.6,26.0,20.1,23.3,33.7,29.3,25.3,18.8,18.3
PANW,,,,,,,,,,,,2023/07/31,0.8,,433.3,425.0,279.4,302.6,48.0,242.2,330.5,17.6,26.0,20.1,23.3,33.7,29.3,25.3,18.8,18.3
PANW,,,,,,,,,,,,2023/04/30,0.38,,433.3,425.0,279.4,302.6,48.0,242.2,330.5,17.6,26.0,20.1,23.3,33.7,29.3,25.3,18.8,18.3
PANW,,,,,,,,,,,,2023/01/31,0.34,,433.3,425.0,279.4,302.6,48.0,242.2,330.5,17.6,26.0,20.1,23.3,33.7,29.3,25.3,18.8,18.3
PANW,,,,,,,,,,,,2022/10/31,0.12,,433.3,425.0,279.4,302.6,48.0,242.2,330.5,17.6,26.0,20.1,23.3,33.7,29.3,25.3,18.8,18.3
PANW,,,,,,,,,,,,2022/07/31,0.15,,433.3,425.0,279.4,302.6,48.0,242.2,330.5,17.6,26.0,20.1,23.3,33.7,29.3,25.3,18.8,18.3
PANW,,,,,,,,,,,,2022/04/30,-0.2,,433.3,425.0,279.4,302.6,48.0,242.2,330.5,17.6,26.0,20.1,23.3,33.7,29.3,25.3,18.8,18.3
PANW,,,,,,,,,,,,2022/01/31,-0.21,,433.3,425.0,279.4,302.6,48.0,242.2,330.5,17.6,26.0,20.1,23.3,33.7,29.3,25.3,18.8,18.3
PANW,,,,,,,,,,,,2021/10/31,-0.23,,433.3,425.0,279.4,302.6,48.0,242.2,330.5,17.6,26.0,20.1,23.3,33.7,29.3,25.3,18.8,18.3
PANW,,,,,,,,,2023,,6892700000.0,,,,433.3,425.0,279.4,302.6,48.0,242.2,330.5,17.6,26.0,20.1,23.3,33.7,29.3,25.3,18.8,18.3
PANW,,,,,,,,,2022,,5501500000.0,,,,433.3,425.0,279.4,302.6,48.0,242.2,330.5,17.6,26.0,20.1,23.3,33.7,29.3,25.3,18.8,18.3
PANW,,,,,,,,,2021,,4256100000.0,,,,433.3,425.0,279.4,302.6,48.0,242.2,330.5,17.6,26.0,20.1,23.3,33.7,29.3,25.3,18.8,18.3
PANW,,,,,,,,,,,,2023/10/31,,1878100000.0,433.3,425.0,279.4,302.6,48.0,242.2,330.5,17.6,26.0,20.1,23.3,33.7,29.3,25.3,18.8,18.3
PANW,,,,,,,,,,,,2023/07/31,,1953300000.0,433.3,425.0,279.4,302.6,48.0,242.2,330.5,17.6,26.0,20.1,23.3,33.7,29.3,25.3,18.8,18.3
PANW,,,,,,,,,,,,2023/04/30,,1720900000.0,433.3,425.0,279.4,302.6,48.0,242.2,330.5,17.6,26.0,20.1,23.3,33.7,29.3,25.3,18.8,18.3
PANW,,,,,,,,,,,,2023/01/31,,1655100000.0,433.3,425.0,279.4,302.6,48.0,242.2,330.5,17.6,26.0,20.1,23.3,33.7,29.3,25.3,18.8,18.3
PANW,,,,,,,,,,,,2022/10/31,,1563400000.0,433.3,425.0,279.4,302.6,48.0,242.2,330.5,17.6,26.0,20.1,23.3,33.7,29.3,25.3,18.8,18.3
PANW,,,,,,,,,,,,2022/07/31,,1550500000.0,433.3,425.0,279.4,302.6,48.0,242.2,330.5,17.6,26.0,20.1,23.3,33.7,29.3,25.3,18.8,18.3
PANW,,,,,,,,,,,,2022/04/30,,1386700000.0,433.3,425.0,279.4,302.6,48.0,242.2,330.5,17.6,26.0,20.1,23.3,33.7,29.3,25.3,18.8,18.3
PANW,,,,,,,,,,,,2022/01/31,,1316900000.0,433.3,425.0,279.4,302.6,48.0,242.2,330.5,17.6,26.0,20.1,23.3,33.7,29.3,25.3,18.8,18.3
PANW,,,,,,,,,,,,2021/10/31,,1247400000.0,433.3,425.0,279.4,302.6,48.0,242.2,330.5,17.6,26.0,20.1,23.3,33.7,29.3,25.3,18.8,18.3
PGR,2.63,1.96,8.94,10.55,18130000000.0,17180000000.0,71540000000.0,80120000000.0,,,,,,,326.5,97.3,304.6,292.0,-41.4,-79.2,657.6,18.0,21.8,25.4,26.8,11.9,11.8,4.0,44.3,12.0
PGR,,,,,,,,,2022,1.18,,,,,326.5,97.3,304.6,292.0,-41.4,-79.2,657.6,18.0,21.8,25.4,26.8,11.9,11.8,4.0,44.3,12.0
PGR,,,,,,,,,2021,5.66,,,,,326.5,97.3,304.6,292.0,-41.4,-79.2,657.6,18.0,21.8,25.4,26.8,11.9,11.8,4.0,44.3,12.0
PGR,,,,,,,,,2020,9.66,,,,,326.5,97.3,304.6,292.0,-41.4,-79.2,657.6,18.0,21.8,25.4,26.8,11.9,11.8,4.0,44.3,12.0
PGR,,,,,,,,,,,,2023/12/31,2.96,,326.5,97.3,304.6,292.0,-41.4,-79.2,657.6,18.0,21.8,25.4,26.8,11.9,11.8,4.0,44.3,12.0
PGR,,,,,,,,,,,,2023/09/30,2.09,,326.5,97.3,304.6,292.0,-41.4,-79.2,657.6,18.0,21.8,25.4,26.8,11.9,11.8,4.0,44.3,12.0
PGR,,,,,,,,,,,,2023/06/30,0.5,,326.5,97.3,304.6,292.0,-41.4,-79.2,657.6,18.0,21.8,25.4,26.8,11.9,11.8,4.0,44.3,12.0
PGR,,,,,,,,,,,,2023/03/31,0.65,,326.5,97.3,304.6,292.0,-41.4,-79.2,657.6,18.0,21.8,25.4,26.8,11.9,11.8,4.0,44.3,12.0
PGR,,,,,,,,,,,,2022/12/31,1.5,,326.5,97.3,304.6,292.0,-41.4,-79.2,657.6,18.0,21.8,25.4,26.8,11.9,11.8,4.0,44.3,12.0
PGR,,,,,,,,,,,,2022/09/30,0.49,,326.5,97.3,304.6,292.0,-41.4,-79.2,657.6,18.0,21.8,25.4,26.8,11.9,11.8,4.0,44.3,12.0
PGR,,,,,,,,,,,,2022/06/30,0.95,,326.5,97.3,304.6,292.0,-41.4,-79.2,657.6,18.0,21.8,25.4,26.8,11.9,11.8,4.0,44.3,12.0
PGR,,,,,,,,,,,,2022/03/31,1.12,,326.5,97.3,304.6,292.0,-41.4,-79.2,657.6,18.0,21.8,25.4,26.8,11.9,11.8,4.0,44.3,12.0
PGR,,,,,,,,,,,,2021/12/31,1.05,,326.5,97.3,304.6,292.0,-41.4,-79.2,657.6,18.0,21.8,25.4,26.8,11.9,11.8,4.0,44.3,12.0
PGR,,,,,,,,,,,,2021/09/30,0.14,,326.5,97.3,304.6,292.0,-41.4,-79.2,657.6,18.0,21.8,25.4,26.8,11.9,11.8,4.0,44.3,12.0
PGR,,,,,,,,,2022,,49586400000.0,,,,326.5,97.3,304.6,292.0,-41.4,-79.2,657.6,18.0,21.8,25.4,26.8,11.9,11.8,4.0,44.3,12.0
PGR,,,,,,,,,2021,,47676500000.0,,,,326.5,97.3,304.6,292.0,-41.4,-79.2,657.6,18.0,21.8,25.4,26.8,11.9,11.8,4.0,44.3,12.0
PGR,,,,,,,,,2020,,42638100000.0,,,,326.5,97.3,304.6,292.0,-41.4,-79.2,657.6,18.0,21.8,25.4,26.8,11.9,11.8,4.0,44.3,12.0
PGR,,,,,,,,,,,,2023/12/31,,16891200000.0,326.5,97.3,304.6,292.0,-41.4,-79.2,657.6,18.0,21.8,25.4,26.8,11.9,11.8,4.0,44.3,12.0
PGR,,,,,,,,,,,,2023/09/30,,15560600000.0,326.5,97.3,304.6,292.0,-41.4,-79.2,657.6,18.0,21.8,25.4,26.8,11.9,11.8,4.0,44.3,12.0
PGR,,,,,,,,,,,,2023/06/30,,15353500000.0,326.5,97.3,304.6,292.0,-41.4,-79.2,657.6,18.0,21.8,25.4,26.8,11.9,11.8,4.0,44.3,12.0
PGR,,,,,,,,,,,,2023/03/31,,14303200000.0,326.5,97.3,304.6,292.0,-41.4,-79.2,657.6,18.0,21.8,25.4,26.8,11.9,11.8,4.0,44.3,12.0
PGR,,,,,,,,,,,,2022/12/31,,13469800000.0,326.5,97.3,304.6,292.0,-41.4,-79.2,657.6,18.0,21.8,25.4,26.8,11.9,11.8,4.0,44.3,12.0
PGR,,,,,,,,,,,,2022/09/30,,12780200000.0,326.5,97.3,304.6,292.0,-41.4,-79.2,657.6,18.0,21.8,25.4,26.8,11.9,11.8,4.0,44.3,12.0
PGR,,,,,,,,,,,,2022/06/30,,11519200000.0,326.5,97.3,304.6,292.0,-41.4,-79.2,657.6,18.0,21.8,25.4,26.8,11.9,11.8,4.0,44.3,12.0
PGR,,,,,,,,,,,,2022/03/31,,11841500000.0,326.5,97.3,304.6,292.0,-41.4,-79.2,657.6,18.0,21.8,25.4,26.8,11.9,11.8,4.0,44.3,12.0
PGR,,,,,,,,,,,,2021/12/31,,12492100000.0,326.5,97.3,304.6,292.0,-41.4,-79.2,657.6,18.0,21.8,25.4,26.8,11.9,11.8,4.0,44.3,12.0
PGR,,,,,,,,,,,,2021/09/30,,11859200000.0,326.5,97.3,304.6,292.0,-41.4,-79.2,657.6,18.0,21.8,25.4,26.8,11.9,11.8,4.0,44.3,12.0
BSX,0.51,0.56,2.25,2.55,3680000000.0,3930000000.0,15580000000.0,17030000000.000002,,,,,,,16.3,22.2,8.5,5.7,962.5,-34.8,400.0,13.3,11.3,14.9,8.6,9.2,19.9,6.7,22.9,9.3
BSX,,,,,,,,,2022,0.45,,,,,16.3,22.2,8.5,5.7,962.5,-34.8,400.0,13.3,11.3,14.9,8.6,9.2,19.9,6.7,22.9,9.3
BSX,,,,,,,,,2021,0.69,,,,,16.3,22.2,8.5,5.7,962.5,-34.8,400.0,13.3,11.3,14.9,8.6,9.2,19.9,6.7,22.9,9.3
BSX,,,,,,,,,2020,-0.08,,,,,16.3,22.2,8.5,5.7,962.5,-34.8,400.0,13.3,11.3,14.9,8.6,9.2,19.9,6.7,22.9,9.3
BSX,,,,,,,,,,,,2023/12/31,0.55,,16.3,22.2,8.5,5.7,962.5,-34.8,400.0,13.3,11.3,14.9,8.6,9.2,19.9,6.7,22.9,9.3
BSX,,,,,,,,,,,,2023/09/30,0.5,,16.3,22.2,8.5,5.7,962.5,-34.8,400.0,13.3,11.3,14.9,8.6,9.2,19.9,6.7,22.9,9.3
BSX,,,,,,,,,,,,2023/06/30,0.53,,16.3,22.2,8.5,5.7,962.5,-34.8,400.0,13.3,11.3,14.9,8.6,9.2,19.9,6.7,22.9,9.3
BSX,,,,,,,,,,,,2023/03/31,0.47,,16.3,22.2,8.5,5.7,962.5,-34.8,400.0,13.3,11.3,14.9,8.6,9.2,19.9,6.7,22.9,9.3
BSX,,,,,,,,,,,,2022/12/31,0.45,,16.3,22.2,8.5,5.7,962.5,-34.8,400.0,13.3,11.3,14.9,8.6,9.2,19.9,6.7,22.9,9.3
BSX,,,,,,,,,,,,2022/09/30,0.43,,16.3,22.2,8.5,5.7,962.5,-34.8,400.0,13.3,11.3,14.9,8.6,9.2,19.9,6.7,22.9,9.3
BSX,,,,,,,,,,,,2022/06/30,0.44,,16.3,22.2,8.5,5.7,962.5,-34.8,400.0,13.3,11.3,14.9,8.6,9.2,19.9,6.7,22.9,9.3
BSX,,,,,,,,,,,,2022/03/31,0.39,,16.3,22.2,8.5,5.7,962.5,-34.8,400.0,13.3,11.3,14.9,8.6,9.2,19.9,6.7,22.9,9.3
BSX,,,,,,,,,,,,2021/12/31,0.45,,16.3,22.2,8.5,5.7,962.5,-34.8,400.0,13.3,11.3,14.9,8.6,9.2,19.9,6.7,22.9,9.3
BSX,,,,,,,,,,,,2021/09/30,0.41,,16.3,22.2,8.5,5.7,962.5,-34.8,400.0,13.3,11.3,14.9,8.6,9.2,19.9,6.7,22.9,9.3
BSX,,,,,,,,,2022,,12682000000.0,,,,16.3,22.2,8.5,5.7,962.5,-34.8,400.0,13.3,11.3,14.9,8.6,9.2,19.9,6.7,22.9,9.3
BSX,,,,,,,,,2021,,11888000000.0,,,,16.3,22.2,8.5,5.7,962.5,-34.8,400.0,13.3,11.3,14.9,8.6,9.2,19.9,6.7,22.9,9.3
BSX,,,,,,,,,2020,,9913000000.0,,,,16.3,22.2,8.5,5.7,962.5,-34.8,400.0,13.3,11.3,14.9,8.6,9.2,19.9,6.7,22.9,9.3
BSX,,,,,,,,,,,,2023/12/31,,3725000000.0,16.3,22.2,8.5,5.7,962.5,-34.8,400.0,13.3,11.3,14.9,8.6,9.2,19.9,6.7,22.9,9.3
BSX,,,,,,,,,,,,2023/09/30,,3527000000.0,16.3,22.2,8.5,5.7,962.5,-34.8,400.0,13.3,11.3,14.9,8.6,9.2,19.9,6.7,22.9,9.3
BSX,,,,,,,,,,,,2023/06/30,,3599000000.0,16.3,22.2,8.5,5.7,962.5,-34.8,400.0,13.3,11.3,14.9,8.6,9.2,19.9,6.7,22.9,9.3
BSX,,,,,,,,,,,,2023/03/31,,3389000000.0,16.3,22.2,8.5,5.7,962.5,-34.8,400.0,13.3,11.3,14.9,8.6,9.2,19.9,6.7,22.9,9.3
BSX,,,,,,,,,,,,2022/12/31,,3242000000.0,16.3,22.2,8.5,5.7,962.5,-34.8,400.0,13.3,11.3,14.9,8.6,9.2,19.9,6.7,22.9,9.3
BSX,,,,,,,,,,,,2022/09/30,,3170000000.0,16.3,22.2,8.5,5.7,962.5,-34.8,400.0,13.3,11.3,14.9,8.6,9.2,19.9,6.7,22.9,9.3
BSX,,,,,,,,,,,,2022/06/30,,3244000000.0,16.3,22.2,8.5,5.7,962.5,-34.8,400.0,13.3,11.3,14.9,8.6,9.2,19.9,6.7,22.9,9.3
BSX,,,,,,,,,,,,2022/03/31,,3026000000.0,16.3,22.2,8.5,5.7,962.5,-34.8,400.0,13.3,11.3,14.9,8.6,9.2,19.9,6.7,22.9,9.3
BSX,,,,,,,,,,,,2021/12/31,,3127000000.0,16.3,22.2,8.5,5.7,962.5,-34.8,400.0,13.3,11.3,14.9,8.6,9.2,19.9,6.7,22.9,9.3
BSX,,,,,,,,,,,,2021/09/30,,2932000000.0,16.3,22.2,8.5,5.7,962.5,-34.8,400.0,13.3,11.3,14.9,8.6,9.2,19.9,6.7,22.9,9.3
KLAC,5.31,5.71,23.05,27.66,2310000000.0,2430000000.0,9650000000.0,10930000000.0,,,,,,,-18.7,-16.5,-3.3,5.7,63.9,10.2,-4.6,20.0,-12.0,-16.7,-5.0,3.2,33.1,13.9,-8.1,13.3
KLAC,,,,,,,,,2023,24.15,,,,,-18.7,-16.5,-3.3,5.7,63.9,10.2,-4.6,20.0,-12.0,-16.7,-5.0,3.2,33.1,13.9,-8.1,13.3
KLAC,,,,,,,,,2022,21.92,,,,,-18.7,-16.5,-3.3,5.7,63.9,10.2,-4.6,20.0,-12.0,-16.7,-5.0,3.2,33.1,13.9,-8.1,13.3
KLAC,,,,,,,,,2021,13.37,,,,,-18.7,-16.5,-3.3,5.7,63.9,10.2,-4.6,20.0,-12.0,-16.7,-5.0,3.2,33.1,13.9,-8.1,13.3
KLAC,,,,,,,,,,,,2023/12/31,6.16,,-18.7,-16.5,-3.3,5.7,63.9,10.2,-4.6,20.0,-12.0,-16.7,-5.0,3.2,33.1,13.9,-8.1,13.3
KLAC,,,,,,,,,,,,2023/09/30,5.74,,-18.7,-16.5,-3.3,5.7,63.9,10.2,-4.6,20.0,-12.0,-16.7,-5.0,3.2,33.1,13.9,-8.1,13.3
KLAC,,,,,,,,,,,,2023/06/30,5.4,,-18.7,-16.5,-3.3,5.7,63.9,10.2,-4.6,20.0,-12.0,-16.7,-5.0,3.2,33.1,13.9,-8.1,13.3
KLAC,,,,,,,,,,,,2023/03/31,5.49,,-18.7,-16.5,-3.3,5.7,63.9,10.2,-4.6,20.0,-12.0,-16.7,-5.0,3.2,33.1,13.9,-8.1,13.3
KLAC,,,,,,,,,,,,2022/12/31,7.38,,-18.7,-16.5,-3.3,5.7,63.9,10.2,-4.6,20.0,-12.0,-16.7,-5.0,3.2,33.1,13.9,-8.1,13.3
KLAC,,,,,,,,,,,,2022/09/30,7.06,,-18.7,-16.5,-3.3,5.7,63.9,10.2,-4.6,20.0,-12.0,-16.7,-5.0,3.2,33.1,13.9,-8.1,13.3
KLAC,,,,,,,,,,,,2022/06/30,5.81,,-18.7,-16.5,-3.3,5.7,63.9,10.2,-4.6,20.0,-12.0,-16.7,-5.0,3.2,33.1,13.9,-8.1,13.3
KLAC,,,,,,,,,,,,2022/03/31,5.13,,-18.7,-16.5,-3.3,5.7,63.9,10.2,-4.6,20.0,-12.0,-16.7,-5.0,3.2,33.1,13.9,-8.1,13.3
KLAC,,,,,,,,,,,,2021/12/31,5.59,,-18.7,-16.5,-3.3,5.7,63.9,10.2,-4.6,20.0,-12.0,-16.7,-5.0,3.2,33.1,13.9,-8.1,13.3
KLAC,,,,,,,,,,,,2021/09/30,4.64,,-18.7,-16.5,-3.3,5.7,63.9,10.2,-4.6,20.0,-12.0,-16.7,-5.0,3.2,33.1,13.9,-8.1,13.3
KLAC,,,,,,,,,2023,,10496056000.0,,,,-18.7,-16.5,-3.3,5.7,63.9,10.2,-4.6,20.0,-12.0,-16.7,-5.0,3.2,33.1,13.9,-8.1,13.3
KLAC,,,,,,,,,2022,,9211883000.0,,,,-18.7,-16.5,-3.3,5.7,63.9,10.2,-4.6,20.0,-12.0,-16.7,-5.0,3.2,33.1,13.9,-8.1,13.3
KLAC,,,,,,,,,2021,,6918734000.0,,,,-18.7,-16.5,-3.3,5.7,63.9,10.2,-4.6,20.0,-12.0,-16.7,-5.0,3.2,33.1,13.9,-8.1,13.3
KLAC,,,,,,,,,,,,2023/12/31,,2486700000.0,-18.7,-16.5,-3.3,5.7,63.9,10.2,-4.6,20.0,-12.0,-16.7,-5.0,3.2,33.1,13.9,-8.1,13.3
KLAC,,,,,,,,,,,,2023/09/30,,2397000000.0,-18.7,-16.5,-3.3,5.7,63.9,10.2,-4.6,20.0,-12.0,-16.7,-5.0,3.2,33.1,13.9,-8.1,13.3
KLAC,,,,,,,,,,,,2023/06/30,,2355100000.0,-18.7,-16.5,-3.3,5.7,63.9,10.2,-4.6,20.0,-12.0,-16.7,-5.0,3.2,33.1,13.9,-8.1,13.3
KLAC,,,,,,,,,,,,2023/03/31,,2432600000.0,-18.7,-16.5,-3.3,5.7,63.9,10.2,-4.6,20.0,-12.0,-16.7,-5.0,3.2,33.1,13.9,-8.1,13.3
KLAC,,,,,,,,,,,,2022/12/31,,2983900000.0,-18.7,-16.5,-3.3,5.7,63.9,10.2,-4.6,20.0,-12.0,-16.7,-5.0,3.2,33.1,13.9,-8.1,13.3
KLAC,,,,,,,,,,,,2022/09/30,,2724400000.0,-18.7,-16.5,-3.3,5.7,63.9,10.2,-4.6,20.0,-12.0,-16.7,-5.0,3.2,33.1,13.9,-8.1,13.3
KLAC,,,,,,,,,,,,2022/06/30,,2486700000.0,-18.7,-16.5,-3.3,5.7,63.9,10.2,-4.6,20.0,-12.0,-16.7,-5.0,3.2,33.1,13.9,-8.1,13.3
KLAC,,,,,,,,,,,,2022/03/31,,2288700000.0,-18.7,-16.5,-3.3,5.7,63.9,10.2,-4.6,20.0,-12.0,-16.7,-5.0,3.2,33.1,13.9,-8.1,13.3
KLAC,,,,,,,,,,,,2021/12/31,,2352600000.0,-18.7,-16.5,-3.3,5.7,63.9,10.2,-4.6,20.0,-12.0,-16.7,-5.0,3.2,33.1,13.9,-8.1,13.3
KLAC,,,,,,,,,,,,2021/09/30,,2083800000.0000002,-18.7,-16.5,-3.3,5.7,63.9,10.2,-4.6,20.0,-12.0,-16.7,-5.0,3.2,33.1,13.9,-8.1,13.3
APO,1.8,1.9,7.8,9.07,3860000000.0,4019999999.9999995,16200000000.0,18580000000.0,,,,,,,16.5,35.7,42.9,23.4,1563.6,-176.1,240.0,16.3,-12.9,128.2,-27.2,-70.7,152.8,84.3,47.7,14.7
APO,,,,,,,,,2022,-5.57,,,,,16.5,35.7,42.9,23.4,1563.6,-176.1,240.0,16.3,-12.9,128.2,-27.2,-70.7,152.8,84.3,47.7,14.7
APO,,,,,,,,,2021,7.32,,,,,16.5,35.7,42.9,23.4,1563.6,-176.1,240.0,16.3,-12.9,128.2,-27.2,-70.7,152.8,84.3,47.7,14.7
APO,,,,,,,,,2020,0.44,,,,,16.5,35.7,42.9,23.4,1563.6,-176.1,240.0,16.3,-12.9,128.2,-27.2,-70.7,152.8,84.3,47.7,14.7
APO,,,,,,,,,,,,2023/12/31,1.75,,16.5,35.7,42.9,23.4,1563.6,-176.1,240.0,16.3,-12.9,128.2,-27.2,-70.7,152.8,84.3,47.7,14.7
APO,,,,,,,,,,,,2023/09/30,1.55,,16.5,35.7,42.9,23.4,1563.6,-176.1,240.0,16.3,-12.9,128.2,-27.2,-70.7,152.8,84.3,47.7,14.7
APO,,,,,,,,,,,,2023/06/30,1.54,,16.5,35.7,42.9,23.4,1563.6,-176.1,240.0,16.3,-12.9,128.2,-27.2,-70.7,152.8,84.3,47.7,14.7
APO,,,,,,,,,,,,2023/03/31,1.26,,16.5,35.7,42.9,23.4,1563.6,-176.1,240.0,16.3,-12.9,128.2,-27.2,-70.7,152.8,84.3,47.7,14.7
APO,,,,,,,,,,,,2022/12/31,1.29,,16.5,35.7,42.9,23.4,1563.6,-176.1,240.0,16.3,-12.9,128.2,-27.2,-70.7,152.8,84.3,47.7,14.7
APO,,,,,,,,,,,,2022/09/30,1.33,,16.5,35.7,42.9,23.4,1563.6,-176.1,240.0,16.3,-12.9,128.2,-27.2,-70.7,152.8,84.3,47.7,14.7
APO,,,,,,,,,,,,2022/06/30,0.94,,16.5,35.7,42.9,23.4,1563.6,-176.1,240.0,16.3,-12.9,128.2,-27.2,-70.7,152.8,84.3,47.7,14.7
APO,,,,,,,,,,,,2022/03/31,1.52,,16.5,35.7,42.9,23.4,1563.6,-176.1,240.0,16.3,-12.9,128.2,-27.2,-70.7,152.8,84.3,47.7,14.7
APO,,,,,,,,,,,,2021/12/31,1.05,,16.5,35.7,42.9,23.4,1563.6,-176.1,240.0,16.3,-12.9,128.2,-27.2,-70.7,152.8,84.3,47.7,14.7
APO,,,,,,,,,,,,2021/09/30,1.71,,16.5,35.7,42.9,23.4,1563.6,-176.1,240.0,16.3,-12.9,128.2,-27.2,-70.7,152.8,84.3,47.7,14.7
APO,,,,,,,,,2022,,10968000000.0,,,,16.5,35.7,42.9,23.4,1563.6,-176.1,240.0,16.3,-12.9,128.2,-27.2,-70.7,152.8,84.3,47.7,14.7
APO,,,,,,,,,2021,,5951000000.0,,,,16.5,35.7,42.9,23.4,1563.6,-176.1,240.0,16.3,-12.9,128.2,-27.2,-70.7,152.8,84.3,47.7,14.7
APO,,,,,,,,,2020,,2354000000.0,,,,16.5,35.7,42.9,23.4,1563.6,-176.1,240.0,16.3,-12.9,128.2,-27.2,-70.7,152.8,84.3,47.7,14.7
APO,,,,,,,,,,,,2023/12/31,,11046000000.0,16.5,35.7,42.9,23.4,1563.6,-176.1,240.0,16.3,-12.9,128.2,-27.2,-70.7,152.8,84.3,47.7,14.7
APO,,,,,,,,,,,,2023/09/30,,2595000000.0,16.5,35.7,42.9,23.4,1563.6,-176.1,240.0,16.3,-12.9,128.2,-27.2,-70.7,152.8,84.3,47.7,14.7
APO,,,,,,,,,,,,2023/06/30,,13702000000.0,16.5,35.7,42.9,23.4,1563.6,-176.1,240.0,16.3,-12.9,128.2,-27.2,-70.7,152.8,84.3,47.7,14.7
APO,,,,,,,,,,,,2023/03/31,,5301000000.0,16.5,35.7,42.9,23.4,1563.6,-176.1,240.0,16.3,-12.9,128.2,-27.2,-70.7,152.8,84.3,47.7,14.7
APO,,,,,,,,,,,,2022/12/31,,4841000000.0,16.5,35.7,42.9,23.4,1563.6,-176.1,240.0,16.3,-12.9,128.2,-27.2,-70.7,152.8,84.3,47.7,14.7
APO,,,,,,,,,,,,2022/09/30,,2979000000.0,16.5,35.7,42.9,23.4,1563.6,-176.1,240.0,16.3,-12.9,128.2,-27.2,-70.7,152.8,84.3,47.7,14.7
APO,,,,,,,,,,,,2022/06/30,,2286000000.0,16.5,35.7,42.9,23.4,1563.6,-176.1,240.0,16.3,-12.9,128.2,-27.2,-70.7,152.8,84.3,47.7,14.7
APO,,,,,,,,,,,,2022/03/31,,862000000.0,16.5,35.7,42.9,23.4,1563.6,-176.1,240.0,16.3,-12.9,128.2,-27.2,-70.7,152.8,84.3,47.7,14.7
APO,,,,,,,,,,,,2021/12/31,,1195000000.0,16.5,35.7,42.9,23.4,1563.6,-176.1,240.0,16.3,-12.9,128.2,-27.2,-70.7,152.8,84.3,47.7,14.7
APO,,,,,,,,,,,,2021/09/30,,1078000000.0,16.5,35.7,42.9,23.4,1563.6,-176.1,240.0,16.3,-12.9,128.2,-27.2,-70.7,152.8,84.3,47.7,14.7
KKR,1.09,1.16,4.97,6.02,1690000000.0,1840000000.0,7770000000.0,9540000000.0,,,,,,,-8.8,16.7,73.0,100.0,116.9,-116.6,510.7,21.1,78.6,74.3,-46.0,-49.3,283.8,-64.8,35.8,22.8
KKR,,,,,,,,,2022,-1.21,,,,,-8.8,16.7,73.0,100.0,116.9,-116.6,510.7,21.1,78.6,74.3,-46.0,-49.3,283.8,-64.8,35.8,22.8
KKR,,,,,,,,,2021,7.31,,,,,-8.8,16.7,73.0,100.0,116.9,-116.6,510.7,21.1,78.6,74.3,-46.0,-49.3,283.8,-64.8,35.8,22.8
KKR,,,,,,,,,2020,3.37,,,,,-8.8,16.7,73.0,100.0,116.9,-116.6,510.7,21.1,78.6,74.3,-46.0,-49.3,283.8,-64.8,35.8,22.8
KKR,,,,,,,,,,,,2023/12/31,0.84,,-8.8,16.7,73.0,100.0,116.9,-116.6,510.7,21.1,78.6,74.3,-46.0,-49.3,283.8,-64.8,35.8,22.8
KKR,,,,,,,,,,,,2023/09/30,0.73,,-8.8,16.7,73.0,100.0,116.9,-116.6,510.7,21.1,78.6,74.3,-46.0,-49.3,283.8,-64.8,35.8,22.8
KKR,,,,,,,,,,,,2023/06/30,0.58,,-8.8,16.7,73.0,100.0,116.9,-116.6,510.7,21.1,78.6,74.3,-46.0,-49.3,283.8,-64.8,35.8,22.8
KKR,,,,,,,,,,,,2023/03/31,0.63,,-8.8,16.7,73.0,100.0,116.9,-116.6,510.7,21.1,78.6,74.3,-46.0,-49.3,283.8,-64.8,35.8,22.8
KKR,,,,,,,,,,,,2022/12/31,0.72,,-8.8,16.7,73.0,100.0,116.9,-116.6,510.7,21.1,78.6,74.3,-46.0,-49.3,283.8,-64.8,35.8,22.8
KKR,,,,,,,,,,,,2022/09/30,0.8,,-8.8,16.7,73.0,100.0,116.9,-116.6,510.7,21.1,78.6,74.3,-46.0,-49.3,283.8,-64.8,35.8,22.8
KKR,,,,,,,,,,,,2022/06/30,0.64,,-8.8,16.7,73.0,100.0,116.9,-116.6,510.7,21.1,78.6,74.3,-46.0,-49.3,283.8,-64.8,35.8,22.8
KKR,,,,,,,,,,,,2022/03/31,1.1,,-8.8,16.7,73.0,100.0,116.9,-116.6,510.7,21.1,78.6,74.3,-46.0,-49.3,283.8,-64.8,35.8,22.8
KKR,,,,,,,,,,,,2021/12/31,1.59,,-8.8,16.7,73.0,100.0,116.9,-116.6,510.7,21.1,78.6,74.3,-46.0,-49.3,283.8,-64.8,35.8,22.8
KKR,,,,,,,,,,,,2021/09/30,1.05,,-8.8,16.7,73.0,100.0,116.9,-116.6,510.7,21.1,78.6,74.3,-46.0,-49.3,283.8,-64.8,35.8,22.8
KKR,,,,,,,,,2022,,5721195000.0,,,,-8.8,16.7,73.0,100.0,116.9,-116.6,510.7,21.1,78.6,74.3,-46.0,-49.3,283.8,-64.8,35.8,22.8
KKR,,,,,,,,,2021,,16236148000.0,,,,-8.8,16.7,73.0,100.0,116.9,-116.6,510.7,21.1,78.6,74.3,-46.0,-49.3,283.8,-64.8,35.8,22.8
KKR,,,,,,,,,2020,,4230891000.0,,,,-8.8,16.7,73.0,100.0,116.9,-116.6,510.7,21.1,78.6,74.3,-46.0,-49.3,283.8,-64.8,35.8,22.8
KKR,,,,,,,,,,,,2023/12/31,,4429800000.0,-8.8,16.7,73.0,100.0,116.9,-116.6,510.7,21.1,78.6,74.3,-46.0,-49.3,283.8,-64.8,35.8,22.8
KKR,,,,,,,,,,,,2023/09/30,,3315500000.0,-8.8,16.7,73.0,100.0,116.9,-116.6,510.7,21.1,78.6,74.3,-46.0,-49.3,283.8,-64.8,35.8,22.8
KKR,,,,,,,,,,,,2023/06/30,,3626500000.0,-8.8,16.7,73.0,100.0,116.9,-116.6,510.7,21.1,78.6,74.3,-46.0,-49.3,283.8,-64.8,35.8,22.8
KKR,,,,,,,,,,,,2023/03/31,,3127500000.0,-8.8,16.7,73.0,100.0,116.9,-116.6,510.7,21.1,78.6,74.3,-46.0,-49.3,283.8,-64.8,35.8,22.8
KKR,,,,,,,,,,,,2022/12/31,,2542000000.0,-8.8,16.7,73.0,100.0,116.9,-116.6,510.7,21.1,78.6,74.3,-46.0,-49.3,283.8,-64.8,35.8,22.8
KKR,,,,,,,,,,,,2022/09/30,,1856400000.0,-8.8,16.7,73.0,100.0,116.9,-116.6,510.7,21.1,78.6,74.3,-46.0,-49.3,283.8,-64.8,35.8,22.8
KKR,,,,,,,,,,,,2022/06/30,,323390000.0,-8.8,16.7,73.0,100.0,116.9,-116.6,510.7,21.1,78.6,74.3,-46.0,-49.3,283.8,-64.8,35.8,22.8
KKR,,,,,,,,,,,,2022/03/31,,999360000.0,-8.8,16.7,73.0,100.0,116.9,-116.6,510.7,21.1,78.6,74.3,-46.0,-49.3,283.8,-64.8,35.8,22.8
KKR,,,,,,,,,,,,2021/12/31,,4053600000.0,-8.8,16.7,73.0,100.0,116.9,-116.6,510.7,21.1,78.6,74.3,-46.0,-49.3,283.8,-64.8,35.8,22.8
KKR,,,,,,,,,,,,2021/09/30,,4483400000.0,-8.8,16.7,73.0,100.0,116.9,-116.6,510.7,21.1,78.6,74.3,-46.0,-49.3,283.8,-64.8,35.8,22.8
ANET,1.73,1.82,7.46,8.56,1540000000.0,1620000000.0,6600000000.0,7580000000.0,,,,,,,44.2,48.0,37.3,29.1,62.4,,,14.7,28.3,20.8,14.0,11.0,48.6,33.8,12.6,14.8
ANET,,,,,,,,,2023,,,,,,44.2,48.0,37.3,29.1,62.4,,,14.7,28.3,20.8,14.0,11.0,48.6,33.8,12.6,14.8
ANET,,,,,,,,,2022,4.27,,,,,44.2,48.0,37.3,29.1,62.4,,,14.7,28.3,20.8,14.0,11.0,48.6,33.8,12.6,14.8
ANET,,,,,,,,,2021,2.63,,,,,44.2,48.0,37.3,29.1,62.4,,,14.7,28.3,20.8,14.0,11.0,48.6,33.8,12.6,14.8
ANET,,,,,,,,,,,,2023/12/31,1.85,,44.2,48.0,37.3,29.1,62.4,,,14.7,28.3,20.8,14.0,11.0,48.6,33.8,12.6,14.8
ANET,,,,,,,,,,,,2023/09/30,1.63,,44.2,48.0,37.3,29.1,62.4,,,14.7,28.3,20.8,14.0,11.0,48.6,33.8,12.6,14.8
ANET,,,,,,,,,,,,2023/06/30,1.41,,44.2,48.0,37.3,29.1,62.4,,,14.7,28.3,20.8,14.0,11.0,48.6,33.8,12.6,14.8
ANET,,,,,,,,,,,,2023/03/31,1.26,,44.2,48.0,37.3,29.1,62.4,,,14.7,28.3,20.8,14.0,11.0,48.6,33.8,12.6,14.8
ANET,,,,,,,,,,,,2022/12/31,1.25,,44.2,48.0,37.3,29.1,62.4,,,14.7,28.3,20.8,14.0,11.0,48.6,33.8,12.6,14.8
ANET,,,,,,,,,,,,2022/09/30,1.13,,44.2,48.0,37.3,29.1,62.4,,,14.7,28.3,20.8,14.0,11.0,48.6,33.8,12.6,14.8
ANET,,,,,,,,,,,,2022/06/30,0.98,,44.2,48.0,37.3,29.1,62.4,,,14.7,28.3,20.8,14.0,11.0,48.6,33.8,12.6,14.8
ANET,,,,,,,,,,,,2022/03/31,0.78,,44.2,48.0,37.3,29.1,62.4,,,14.7,28.3,20.8,14.0,11.0,48.6,33.8,12.6,14.8
ANET,,,,,,,,,,,,2021/12/31,0.66,,44.2,48.0,37.3,29.1,62.4,,,14.7,28.3,20.8,14.0,11.0,48.6,33.8,12.6,14.8
ANET,,,,,,,,,,,,2021/09/30,0.6,,44.2,48.0,37.3,29.1,62.4,,,14.7,28.3,20.8,14.0,11.0,48.6,33.8,12.6,14.8
ANET,,,,,,,,,2023,,5860168000.0,,,,44.2,48.0,37.3,29.1,62.4,,,14.7,28.3,20.8,14.0,11.0,48.6,33.8,12.6,14.8
ANET,,,,,,,,,2022,,4381310000.0,,,,44.2,48.0,37.3,29.1,62.4,,,14.7,28.3,20.8,14.0,11.0,48.6,33.8,12.6,14.8
ANET,,,,,,,,,2021,,2948037000.0,,,,44.2,48.0,37.3,29.1,62.4,,,14.7,28.3,20.8,14.0,11.0,48.6,33.8,12.6,14.8
ANET,,,,,,,,,,,,2023/12/31,,1540400000.0,44.2,48.0,37.3,29.1,62.4,,,14.7,28.3,20.8,14.0,11.0,48.6,33.8,12.6,14.8
ANET,,,,,,,,,,,,2023/09/30,,1509500000.0,44.2,48.0,37.3,29.1,62.4,,,14.7,28.3,20.8,14.0,11.0,48.6,33.8,12.6,14.8
ANET,,,,,,,,,,,,2023/06/30,,1458900000.0,44.2,48.0,37.3,29.1,62.4,,,14.7,28.3,20.8,14.0,11.0,48.6,33.8,12.6,14.8
ANET,,,,,,,,,,,,2023/03/31,,1351400000.0,44.2,48.0,37.3,29.1,62.4,,,14.7,28.3,20.8,14.0,11.0,48.6,33.8,12.6,14.8
ANET,,,,,,,,,,,,2022/12/31,,1275600000.0,44.2,48.0,37.3,29.1,62.4,,,14.7,28.3,20.8,14.0,11.0,48.6,33.8,12.6,14.8
ANET,,,,,,,,,,,,2022/09/30,,1176800000.0,44.2,48.0,37.3,29.1,62.4,,,14.7,28.3,20.8,14.0,11.0,48.6,33.8,12.6,14.8
ANET,,,,,,,,,,,,2022/06/30,,1051900000.0000001,44.2,48.0,37.3,29.1,62.4,,,14.7,28.3,20.8,14.0,11.0,48.6,33.8,12.6,14.8
ANET,,,,,,,,,,,,2022/03/31,,877070000.0,44.2,48.0,37.3,29.1,62.4,,,14.7,28.3,20.8,14.0,11.0,48.6,33.8,12.6,14.8
ANET,,,,,,,,,,,,2021/12/31,,824460000.0,44.2,48.0,37.3,29.1,62.4,,,14.7,28.3,20.8,14.0,11.0,48.6,33.8,12.6,14.8
ANET,,,,,,,,,,,,2021/09/30,,748700000.0,44.2,48.0,37.3,29.1,62.4,,,14.7,28.3,20.8,14.0,11.0,48.6,33.8,12.6,14.8
CDNS,1.12,1.4,5.93,6.97,1000000000.0,1110000000.0,4590000000.0,5200000000.0,,,,,,,27.8,41.3,9.8,48.9,23.6,,,17.5,13.4,18.7,-2.1,13.7,19.2,14.8,12.2,13.3
CDNS,,,,,,,,,2023,,,,,,27.8,41.3,9.8,48.9,23.6,,,17.5,13.4,18.7,-2.1,13.7,19.2,14.8,12.2,13.3
CDNS,,,,,,,,,2022,3.09,,,,,27.8,41.3,9.8,48.9,23.6,,,17.5,13.4,18.7,-2.1,13.7,19.2,14.8,12.2,13.3
CDNS,,,,,,,,,2021,2.5,,,,,27.8,41.3,9.8,48.9,23.6,,,17.5,13.4,18.7,-2.1,13.7,19.2,14.8,12.2,13.3
CDNS,,,,,,,,,,,,2023/12/31,1.06,,27.8,41.3,9.8,48.9,23.6,,,17.5,13.4,18.7,-2.1,13.7,19.2,14.8,12.2,13.3
CDNS,,,,,,,,,,,,2023/09/30,1.01,,27.8,41.3,9.8,48.9,23.6,,,17.5,13.4,18.7,-2.1,13.7,19.2,14.8,12.2,13.3
CDNS,,,,,,,,,,,,2023/06/30,0.94,,27.8,41.3,9.8,48.9,23.6,,,17.5,13.4,18.7,-2.1,13.7,19.2,14.8,12.2,13.3
CDNS,,,,,,,,,,,,2023/03/31,1.02,,27.8,41.3,9.8,48.9,23.6,,,17.5,13.4,18.7,-2.1,13.7,19.2,14.8,12.2,13.3
CDNS,,,,,,,,,,,,2022/12/31,0.75,,27.8,41.3,9.8,48.9,23.6,,,17.5,13.4,18.7,-2.1,13.7,19.2,14.8,12.2,13.3
CDNS,,,,,,,,,,,,2022/09/30,0.79,,27.8,41.3,9.8,48.9,23.6,,,17.5,13.4,18.7,-2.1,13.7,19.2,14.8,12.2,13.3
CDNS,,,,,,,,,,,,2022/06/30,0.85,,27.8,41.3,9.8,48.9,23.6,,,17.5,13.4,18.7,-2.1,13.7,19.2,14.8,12.2,13.3
CDNS,,,,,,,,,,,,2022/03/31,0.95,,27.8,41.3,9.8,48.9,23.6,,,17.5,13.4,18.7,-2.1,13.7,19.2,14.8,12.2,13.3
CDNS,,,,,,,,,,,,2021/12/31,0.67,,27.8,41.3,9.8,48.9,23.6,,,17.5,13.4,18.7,-2.1,13.7,19.2,14.8,12.2,13.3
CDNS,,,,,,,,,,,,2021/09/30,0.65,,27.8,41.3,9.8,48.9,23.6,,,17.5,13.4,18.7,-2.1,13.7,19.2,14.8,12.2,13.3
CDNS,,,,,,,,,2023,,4089986000.0,,,,27.8,41.3,9.8,48.9,23.6,,,17.5,13.4,18.7,-2.1,13.7,19.2,14.8,12.2,13.3
CDNS,,,,,,,,,2022,,3561718000.0,,,,27.8,41.3,9.8,48.9,23.6,,,17.5,13.4,18.7,-2.1,13.7,19.2,14.8,12.2,13.3
CDNS,,,,,,,,,2021,,2988244000.0,,,,27.8,41.3,9.8,48.9,23.6,,,17.5,13.4,18.7,-2.1,13.7,19.2,14.8,12.2,13.3
CDNS,,,,,,,,,,,,2023/12/31,,1068599999.9999999,27.8,41.3,9.8,48.9,23.6,,,17.5,13.4,18.7,-2.1,13.7,19.2,14.8,12.2,13.3
CDNS,,,,,,,,,,,,2023/09/30,,1023100000.0,27.8,41.3,9.8,48.9,23.6,,,17.5,13.4,18.7,-2.1,13.7,19.2,14.8,12.2,13.3
CDNS,,,,,,,,,,,,2023/06/30,,976580000.0,27.8,41.3,9.8,48.9,23.6,,,17.5,13.4,18.7,-2.1,13.7,19.2,14.8,12.2,13.3
CDNS,,,,,,,,,,,,2023/03/31,,1021700000.0,27.8,41.3,9.8,48.9,23.6,,,17.5,13.4,18.7,-2.1,13.7,19.2,14.8,12.2,13.3
CDNS,,,,,,,,,,,,2022/12/31,,899880000.0,27.8,41.3,9.8,48.9,23.6,,,17.5,13.4,18.7,-2.1,13.7,19.2,14.8,12.2,13.3
CDNS,,,,,,,,,,,,2022/09/30,,902550000.0,27.8,41.3,9.8,48.9,23.6,,,17.5,13.4,18.7,-2.1,13.7,19.2,14.8,12.2,13.3
CDNS,,,,,,,,,,,,2022/06/30,,857520000.0,27.8,41.3,9.8,48.9,23.6,,,17.5,13.4,18.7,-2.1,13.7,19.2,14.8,12.2,13.3
CDNS,,,,,,,,,,,,2022/03/31,,901770000.0,27.8,41.3,9.8,48.9,23.6,,,17.5,13.4,18.7,-2.1,13.7,19.2,14.8,12.2,13.3
CDNS,,,,,,,,,,,,2021/12/31,,773040000.0,27.8,41.3,9.8,48.9,23.6,,,17.5,13.4,18.7,-2.1,13.7,19.2,14.8,12.2,13.3
CDNS,,,,,,,,,,,,2021/09/30,,750900000.0,27.8,41.3,9.8,48.9,23.6,,,17.5,13.4,18.7,-2.1,13.7,19.2,14.8,12.2,13.3
WDAY,1.47,1.49,5.74,6.62,1920000000.0,1960000000.0,7250000000.0,8439999999.999999,,,,,,,350.0,1466.7,1150.0,831.2,110.1,-1300.0,498.6,15.3,16.3,16.7,16.6,16.4,19.0,21.0,16.6,16.4
WDAY,,,,,,,,,2023,-1.44,,,,,350.0,1466.7,1150.0,831.2,110.1,-1300.0,498.6,15.3,16.3,16.7,16.6,16.4,19.0,21.0,16.6,16.4
WDAY,,,,,,,,,2022,0.12,,,,,350.0,1466.7,1150.0,831.2,110.1,-1300.0,498.6,15.3,16.3,16.7,16.6,16.4,19.0,21.0,16.6,16.4
WDAY,,,,,,,,,2021,-1.19,,,,,350.0,1466.7,1150.0,831.2,110.1,-1300.0,498.6,15.3,16.3,16.7,16.6,16.4,19.0,21.0,16.6,16.4
WDAY,,,,,,,,,,,,2023/10/31,0.47,,350.0,1466.7,1150.0,831.2,110.1,-1300.0,498.6,15.3,16.3,16.7,16.6,16.4,19.0,21.0,16.6,16.4
WDAY,,,,,,,,,,,,2023/07/31,0.4,,350.0,1466.7,1150.0,831.2,110.1,-1300.0,498.6,15.3,16.3,16.7,16.6,16.4,19.0,21.0,16.6,16.4
WDAY,,,,,,,,,,,,2023/04/30,0.16,,350.0,1466.7,1150.0,831.2,110.1,-1300.0,498.6,15.3,16.3,16.7,16.6,16.4,19.0,21.0,16.6,16.4
WDAY,,,,,,,,,,,,2023/01/31,-0.14,,350.0,1466.7,1150.0,831.2,110.1,-1300.0,498.6,15.3,16.3,16.7,16.6,16.4,19.0,21.0,16.6,16.4
WDAY,,,,,,,,,,,,2022/10/31,0.03,,350.0,1466.7,1150.0,831.2,110.1,-1300.0,498.6,15.3,16.3,16.7,16.6,16.4,19.0,21.0,16.6,16.4
WDAY,,,,,,,,,,,,2022/07/31,-0.16,,350.0,1466.7,1150.0,831.2,110.1,-1300.0,498.6,15.3,16.3,16.7,16.6,16.4,19.0,21.0,16.6,16.4
WDAY,,,,,,,,,,,,2022/04/30,-0.17,,350.0,1466.7,1150.0,831.2,110.1,-1300.0,498.6,15.3,16.3,16.7,16.6,16.4,19.0,21.0,16.6,16.4
WDAY,,,,,,,,,,,,2022/01/31,-0.2,,350.0,1466.7,1150.0,831.2,110.1,-1300.0,498.6,15.3,16.3,16.7,16.6,16.4,19.0,21.0,16.6,16.4
WDAY,,,,,,,,,,,,2021/10/31,0.0,,350.0,1466.7,1150.0,831.2,110.1,-1300.0,498.6,15.3,16.3,16.7,16.6,16.4,19.0,21.0,16.6,16.4
WDAY,,,,,,,,,2023,,6215818000.0,,,,350.0,1466.7,1150.0,831.2,110.1,-1300.0,498.6,15.3,16.3,16.7,16.6,16.4,19.0,21.0,16.6,16.4
WDAY,,,,,,,,,2022,,5138798000.0,,,,350.0,1466.7,1150.0,831.2,110.1,-1300.0,498.6,15.3,16.3,16.7,16.6,16.4,19.0,21.0,16.6,16.4
WDAY,,,,,,,,,2021,,4317996000.0,,,,350.0,1466.7,1150.0,831.2,110.1,-1300.0,498.6,15.3,16.3,16.7,16.6,16.4,19.0,21.0,16.6,16.4
WDAY,,,,,,,,,,,,2023/10/31,,1865700000.0,350.0,1466.7,1150.0,831.2,110.1,-1300.0,498.6,15.3,16.3,16.7,16.6,16.4,19.0,21.0,16.6,16.4
WDAY,,,,,,,,,,,,2023/07/31,,1786800000.0,350.0,1466.7,1150.0,831.2,110.1,-1300.0,498.6,15.3,16.3,16.7,16.6,16.4,19.0,21.0,16.6,16.4
WDAY,,,,,,,,,,,,2023/04/30,,1684300000.0,350.0,1466.7,1150.0,831.2,110.1,-1300.0,498.6,15.3,16.3,16.7,16.6,16.4,19.0,21.0,16.6,16.4
WDAY,,,,,,,,,,,,2023/01/31,,1646300000.0,350.0,1466.7,1150.0,831.2,110.1,-1300.0,498.6,15.3,16.3,16.7,16.6,16.4,19.0,21.0,16.6,16.4
WDAY,,,,,,,,,,,,2022/10/31,,1599100000.0,350.0,1466.7,1150.0,831.2,110.1,-1300.0,498.6,15.3,16.3,16.7,16.6,16.4,19.0,21.0,16.6,16.4
WDAY,,,,,,,,,,,,2022/07/31,,1535800000.0,350.0,1466.7,1150.0,831.2,110.1,-1300.0,498.6,15.3,16.3,16.7,16.6,16.4,19.0,21.0,16.6,16.4
WDAY,,,,,,,,,,,,2022/04/30,,1434700000.0,350.0,1466.7,1150.0,831.2,110.1,-1300.0,498.6,15.3,16.3,16.7,16.6,16.4,19.0,21.0,16.6,16.4
WDAY,,,,,,,,,,,,2022/01/31,,1376100000.0,350.0,1466.7,1150.0,831.2,110.1,-1300.0,498.6,15.3,16.3,16.7,16.6,16.4,19.0,21.0,16.6,16.4
WDAY,,,,,,,,,,,,2021/10/31,,1327300000.0,350.0,1466.7,1150.0,831.2,110.1,-1300.0,498.6,15.3,16.3,16.7,16.6,16.4,19.0,21.0,16.6,16.4
CRWD,0.82,0.82,2.96,3.76,839060000.0,899330000.0,3050000000.0,3940000000.0,,,,,,,131.6,180.0,582.4,2633.3,-139.5,23.3,474.7,27.0,36.7,35.3,31.6,29.9,66.0,54.4,36.1,29.2
CRWD,,,,,,,,,2023,-0.79,,,,,131.6,180.0,582.4,2633.3,-139.5,23.3,474.7,27.0,36.7,35.3,31.6,29.9,66.0,54.4,36.1,29.2
CRWD,,,,,,,,,2022,-1.03,,,,,131.6,180.0,582.4,2633.3,-139.5,23.3,474.7,27.0,36.7,35.3,31.6,29.9,66.0,54.4,36.1,29.2
CRWD,,,,,,,,,2021,-0.43,,,,,131.6,180.0,582.4,2633.3,-139.5,23.3,474.7,27.0,36.7,35.3,31.6,29.9,66.0,54.4,36.1,29.2
CRWD,,,,,,,,,,,,2023/10/31,0.16,,131.6,180.0,582.4,2633.3,-139.5,23.3,474.7,27.0,36.7,35.3,31.6,29.9,66.0,54.4,36.1,29.2
CRWD,,,,,,,,,,,,2023/07/31,0.06,,131.6,180.0,582.4,2633.3,-139.5,23.3,474.7,27.0,36.7,35.3,31.6,29.9,66.0,54.4,36.1,29.2
CRWD,,,,,,,,,,,,2023/04/30,0.03,,131.6,180.0,582.4,2633.3,-139.5,23.3,474.7,27.0,36.7,35.3,31.6,29.9,66.0,54.4,36.1,29.2
CRWD,,,,,,,,,,,,2023/01/31,-0.17,,131.6,180.0,582.4,2633.3,-139.5,23.3,474.7,27.0,36.7,35.3,31.6,29.9,66.0,54.4,36.1,29.2
CRWD,,,,,,,,,,,,2022/10/31,-0.2,,131.6,180.0,582.4,2633.3,-139.5,23.3,474.7,27.0,36.7,35.3,31.6,29.9,66.0,54.4,36.1,29.2
CRWD,,,,,,,,,,,,2022/07/31,-0.19,,131.6,180.0,582.4,2633.3,-139.5,23.3,474.7,27.0,36.7,35.3,31.6,29.9,66.0,54.4,36.1,29.2
CRWD,,,,,,,,,,,,2022/04/30,-0.13,,131.6,180.0,582.4,2633.3,-139.5,23.3,474.7,27.0,36.7,35.3,31.6,29.9,66.0,54.4,36.1,29.2
CRWD,,,,,,,,,,,,2022/01/31,-0.09,,131.6,180.0,582.4,2633.3,-139.5,23.3,474.7,27.0,36.7,35.3,31.6,29.9,66.0,54.4,36.1,29.2
CRWD,,,,,,,,,,,,2021/10/31,-0.19,,131.6,180.0,582.4,2633.3,-139.5,23.3,474.7,27.0,36.7,35.3,31.6,29.9,66.0,54.4,36.1,29.2
CRWD,,,,,,,,,2023,,2241236000.0,,,,131.6,180.0,582.4,2633.3,-139.5,23.3,474.7,27.0,36.7,35.3,31.6,29.9,66.0,54.4,36.1,29.2
CRWD,,,,,,,,,2022,,1451594000.0,,,,131.6,180.0,582.4,2633.3,-139.5,23.3,474.7,27.0,36.7,35.3,31.6,29.9,66.0,54.4,36.1,29.2
CRWD,,,,,,,,,2021,,874438000.0,,,,131.6,180.0,582.4,2633.3,-139.5,23.3,474.7,27.0,36.7,35.3,31.6,29.9,66.0,54.4,36.1,29.2
CRWD,,,,,,,,,,,,2023/10/31,,786010000.0,131.6,180.0,582.4,2633.3,-139.5,23.3,474.7,27.0,36.7,35.3,31.6,29.9,66.0,54.4,36.1,29.2
CRWD,,,,,,,,,,,,2023/07/31,,731630000.0,131.6,180.0,582.4,2633.3,-139.5,23.3,474.7,27.0,36.7,35.3,31.6,29.9,66.0,54.4,36.1,29.2
CRWD,,,,,,,,,,,,2023/04/30,,692580000.0,131.6,180.0,582.4,2633.3,-139.5,23.3,474.7,27.0,36.7,35.3,31.6,29.9,66.0,54.4,36.1,29.2
CRWD,,,,,,,,,,,,2023/01/31,,637370000.0,131.6,180.0,582.4,2633.3,-139.5,23.3,474.7,27.0,36.7,35.3,31.6,29.9,66.0,54.4,36.1,29.2
CRWD,,,,,,,,,,,,2022/10/31,,580880000.0,131.6,180.0,582.4,2633.3,-139.5,23.3,474.7,27.0,36.7,35.3,31.6,29.9,66.0,54.4,36.1,29.2
CRWD,,,,,,,,,,,,2022/07/31,,535150000.0,131.6,180.0,582.4,2633.3,-139.5,23.3,474.7,27.0,36.7,35.3,31.6,29.9,66.0,54.4,36.1,29.2
CRWD,,,,,,,,,,,,2022/04/30,,487830000.0,131.6,180.0,582.4,2633.3,-139.5,23.3,474.7,27.0,36.7,35.3,31.6,29.9,66.0,54.4,36.1,29.2
CRWD,,,,,,,,,,,,2022/01/31,,431010000.0,131.6,180.0,582.4,2633.3,-139.5,23.3,474.7,27.0,36.7,35.3,31.6,29.9,66.0,54.4,36.1,29.2
CRWD,,,,,,,,,,,,2021/10/31,,380050000.0,131.6,180.0,582.4,2633.3,-139.5,23.3,474.7,27.0,36.7,35.3,31.6,29.9,66.0,54.4,36.1,29.2
